{"version":1,"model_id":"clap_htsat_fused__sr48k__nfft1024__hop480__mel64__chunk10__repeatpad_v1","preprocess":false,"modified_ns":1766231784000000000,"file_len":47646,"embedding":[0.025163073,0.019515973,0.046851065,0.0899626,-0.023240611,0.0067405156,-0.036616493,0.013515909,-0.040070362,-0.03531987,0.016979128,0.058096662,-0.037760466,-0.030465607,-0.04704279,-0.05913371,-0.03835138,-0.018991208,-0.00631414,0.04498012,0.0003411767,-0.017546678,0.012084656,0.022046749,0.061832704,-0.032698713,-0.033119146,-0.035037905,0.018638577,0.005097202,-0.021412333,0.07087835,-0.024938934,0.0033868393,0.058417015,-0.046640165,0.058764394,-0.058858328,0.0065123527,-0.051756762,-0.02820814,-0.0018386195,0.072282985,-0.018286647,0.022089157,-0.015206854,0.038452305,-0.03033346,0.046660554,0.0030593793,0.016271885,0.032618165,0.024613185,0.041286472,0.05090322,0.076362,-0.039984446,0.06692427,-0.012525372,-0.05084169,0.043821685,0.10162619,-0.023246177,-0.036053665,-0.02263821,0.04464836,-0.059990797,-0.047336716,-0.08371439,0.014044346,0.13300776,-0.032932747,0.028525429,-0.030092018,0.040101223,0.0009995603,0.035026282,-0.012716264,0.009578355,-0.0947504,-0.024346465,-0.064652644,0.034524485,0.021248702,-0.018659845,0.0053830803,0.06649191,0.07792595,0.025224812,-0.02565888,0.012034391,0.009225262,0.008705559,-0.049427576,0.06708414,-0.013605564,-0.015005295,-0.0140876705,0.01144895,-0.024770372,-0.021562438,0.06712687,0.032498177,0.04567379,-0.04190825,0.0707113,0.029282894,-0.035731167,0.04982306,-0.03241508,-0.0259874,-0.0074956147,0.036618907,-0.0093609495,0.029655585,0.13935518,-0.028505376,-0.022042139,-0.08904359,0.07612366,0.017841471,-0.047858264,0.036207046,-0.068612896,0.0013675535,0.061132766,-0.006443991,0.058252327,-0.031137517,-0.015059829,-0.019723777,-0.0090495115,0.07651876,0.08693765,-0.0265872,-0.043131456,-0.038494542,0.009584011,0.011898257,-0.0925734,-0.004168195,-0.049762238,0.06888767,-0.056696694,0.014070537,-0.051919375,0.052050006,-0.03844995,-0.0779039,0.06513056,0.034582287,-0.010990452,-0.0016890569,-0.039389007,-0.00720126,-0.016742963,0.0002596336,-0.0451412,0.039223347,-0.0601055,0.00030348505,-0.039253242,0.015193266,0.00404426,0.020905916,-0.0124377245,0.0076837502,-0.0241684,0.06449335,-0.025431635,0.09020518,-0.0038792482,0.0408904,-0.019116517,-0.073528185,-0.0077850753,-0.045344252,0.0017938623,0.025680592,0.090728514,0.050698906,-0.007593301,0.018052638,-0.05719602,0.0021979788,-0.10005216,-0.062032335,0.09882014,-0.053812,-0.010566819,-0.021829845,0.020853698,-0.036561105,0.010199859,0.027247705,-0.031298473,-0.012591658,-0.0104751615,0.02275852,0.041986007,0.017571554,-0.0028324963,0.0059831142,0.022583326,0.031669114,0.01559439,0.049457207,0.05687164,0.034468893,0.01527256,-0.03836212,-0.025355253,-0.024969416,-0.02705014,0.034723453,0.009078615,0.02992709,-0.050713748,0.06001161,0.020978699,-0.055456523,0.027781405,-0.031343725,-0.033812962,0.014299076,0.0006222418,0.07165858,-0.02313222,0.036233712,-0.015592443,-0.014778153,0.020181356,-0.022166181,-0.017737513,-0.0077317343,0.002097336,0.060201827,0.0052365945,-0.0071379556,0.025550079,0.024416234,-0.003011579,0.052432403,-0.07956745,-0.02278327,0.04821586,-0.014160767,0.07781146,0.00017313463,-0.023161374,-0.045219794,-0.011577042,-0.023661023,0.029232955,-0.054486398,0.020438394,0.008497836,-0.04839194,-0.051161464,0.05216734,0.067000255,0.014084937,0.012150606,-0.02877661,0.045237165,0.009918771,0.05417029,-0.03073518,-0.015496692,0.07786838,-0.0023343426,-0.02703823,0.053131904,0.031927813,-0.010849771,0.0044735176,-0.03504745,0.060385745,-0.0058073043,-0.009086555,-0.055307847,0.040493626,-0.047739115,-0.022326766,0.039376225,0.11757246,-0.011967517,-0.07618486,0.041040134,-0.08159819,0.015558231,0.07487457,0.007550124,-0.0038284748,0.0102330465,0.017436352,-0.0025202194,-0.09068257,-0.010626212,-0.014988033,-0.030463122,-0.06578571,0.00011818731,-0.057721708,-0.025334291,-0.033256825,-0.011863004,0.03554403,-0.026477326,-0.07129404,-0.024067348,-0.04087429,0.073626176,0.03297392,-0.07899492,-0.08406094,-0.00931917,-0.015604467,-0.027710747,-0.019916119,0.049937442,0.036780987,-0.059450615,0.036781143,-0.02462165,-0.06872589,-0.008810437,-0.053362086,0.017482648,0.004699494,0.0782794,0.024680875,-0.022802362,0.004965564,-0.007981183,-0.014311583,0.0003015568,-0.013275122,-0.009038179,-0.01767101,-0.04547738,0.013103002,0.038485836,-0.062242825,0.012512335,-0.07687656,0.026868792,-0.016798152,-0.12978873,0.023496443,-0.05317191,0.057002638,-0.0071165985,-0.11382308,-0.041174922,-0.062251538,0.051939704,-0.008589571,-0.008898111,-0.013946459,-0.06983337,0.034366146,0.06262315,0.0145445755,-0.03689784,0.009836784,0.06928859,-0.00416589,-0.015807647,0.08101789,-0.03701999,0.05535714,0.096721515,0.011190839,-0.04501895,0.029944759,-0.070313826,0.035839606,0.033464033,-0.009663158,0.015110769,0.074221075,-0.009073034,-0.032120183,0.09795807,0.03881871,0.018574797,0.01229678,-0.04501992,-0.033208814,-0.011594542,-0.0012292432,-0.008368177,-0.026854474,-0.028141893,0.0024432922,-0.04272684,0.052462474,-0.011996579,-0.033900943,0.07896359,-0.05764527,-0.02571009,-0.0019895583,0.02604205,-0.019149018,-0.038245637,0.07735053,0.0018044339,-0.024099141,0.060204323,-0.01787037,-0.053501967,-0.005043574,-0.009070877,-0.09445636,-0.13619523,-0.021132387,0.051914304,0.07443946,-0.014337555,-0.041718848,-0.0029522672,-0.013607158,-0.014060238,0.02424303,-0.00024972693,-0.059667066,-0.0011346143,-0.07333252,-0.037019584,-0.0042026322,-0.060955808,0.042993434,0.095929615,0.0045473534,0.03634191,0.023766687,-0.049509678,0.007970694,0.039632976,0.009242477,0.06967367,-0.008112118,0.0068405177,0.10356793,0.01946437,0.05866757,-0.07226085,0.11128919,-0.026256941,-0.034614194,-0.03669262,-0.10236942,0.012639585,0.03702988,-0.014812239,-0.027605003,0.013623436,-0.0032316076,0.027040655,0.021648785,0.016575515,-0.060855348,-0.033190627,0.019160958,0.025445543,0.012587628,-0.055835754,-0.07934764,0.046223313,-0.014005285,-0.0032953296,-0.055489976,0.049736723,0.0024051818,0.047088534,0.0527803,0.023693722,-0.0351475,-0.020415321,0.04267299,-0.012530076,-0.05246505,-0.053455897,-0.00019960133,-0.050413556,0.01609207,-0.0035734086,0.015356973,0.071270026,-0.05718921,0.01097917,0.0027538883,-0.036180083,0.06528308,-0.023338716,0.05935999,0.002497163,-0.06384674,-0.0987316,-0.009702196,0.087938905,-0.02614008,0.013895343,-0.015446686,-0.006705343,0.03189258,-0.07867092,0.014162254,-0.05389415,-0.03143514],"light_features":[0.145,1.0,0.20350614,4.9138565,3296.5518,0.0,0.099999994,0.14,1.0]}