{"version":1,"model_id":"clap_htsat_fused__sr48k__nfft1024__hop480__mel64__chunk10__repeatpad_v1","preprocess":false,"modified_ns":1766231374000000000,"file_len":49102,"embedding":[0.027326377,0.019961225,0.03908878,0.09206969,-0.020604912,0.0148368245,-0.023921775,0.015435501,-0.037382994,-0.04052229,0.020097166,0.0603649,-0.043540187,-0.025423095,-0.05823975,-0.059522025,-0.03483188,-0.019080529,-0.00816247,0.046928346,-0.00016336591,-0.011416263,0.011358631,0.017798794,0.07163399,-0.026359715,-0.036726017,-0.037589975,0.012017576,0.004000831,-0.014463875,0.06825673,-0.018711941,0.007286027,0.059177186,-0.047487196,0.06202963,-0.061019264,0.009673007,-0.0516724,-0.0265625,0.004361953,0.07105708,-0.027695816,0.019374609,-0.022274872,0.0296975,-0.028556796,0.045996606,-0.00032814627,0.02367617,0.038753632,0.023342935,0.041970063,0.0494181,0.07670607,-0.03893994,0.06138568,-0.016291128,-0.056994207,0.042744845,0.09713891,-0.012337462,-0.039709613,-0.023211379,0.05588843,-0.052899797,-0.04281762,-0.07928067,0.01945497,0.13800947,-0.031166917,0.03066456,-0.03104587,0.04650964,0.011242639,0.032374468,-0.016418533,0.010359261,-0.08729126,-0.028046234,-0.06055436,0.036858607,0.030039882,-0.013743716,0.008996631,0.074444875,0.06458638,0.020547204,-0.026175687,0.014359684,0.0007793816,0.018914841,-0.051489625,0.061830472,-0.008835373,-0.019092793,-0.012312844,0.008428438,-0.026587708,-0.020449977,0.070746616,0.038405064,0.048244018,-0.05005202,0.07578141,0.034464773,-0.029104525,0.045368176,-0.03671199,-0.027392171,-0.004541353,0.033629507,-0.008651001,0.028809592,0.13622439,-0.026137222,-0.021873401,-0.090363964,0.07249299,0.019150551,-0.042859543,0.026757514,-0.067155726,0.005404612,0.064488724,-0.004486946,0.052061915,-0.03165004,-0.015718212,-0.022194074,-0.00866129,0.07610449,0.08163628,-0.022328334,-0.041331686,-0.044824827,0.008886709,0.020100167,-0.091600575,-0.0042684707,-0.04475979,0.06617242,-0.066323936,0.008879991,-0.047263656,0.052144837,-0.029458739,-0.07663151,0.07343335,0.032329615,-0.016397325,-0.00699519,-0.03813002,-0.014457617,-0.019524444,0.003828993,-0.04272363,0.040929094,-0.06107292,0.00749539,-0.03309785,0.013896696,-0.002795399,0.014824724,-0.018915283,0.007574404,-0.029952941,0.0701584,-0.02453032,0.08738133,-0.0077073206,0.037223205,-0.026642462,-0.07721934,0.003990898,-0.05097964,0.0075801187,0.03926969,0.08923609,0.051261425,0.007110805,0.02062558,-0.054384008,0.0008242711,-0.102567814,-0.06280167,0.09464949,-0.053479634,-0.016419206,-0.017436711,0.022222493,-0.03570368,0.013841286,0.032126013,-0.04344648,-0.011199096,-0.0072636674,0.017510409,0.050329477,0.018934183,0.0038846405,0.0042632194,0.026347853,0.03855669,0.0075112237,0.04315671,0.05693084,0.03662863,0.01476936,-0.04188315,-0.02160065,-0.030768344,-0.02079357,0.032473184,0.0074844025,0.02619943,-0.056070436,0.0666321,0.025197176,-0.049583662,0.027803306,-0.020745281,-0.039085165,0.013482034,0.000057565354,0.067112386,-0.019743854,0.040033326,-0.019197464,-0.013016885,0.024541149,-0.02457617,-0.020028647,-0.0029387784,0.00088816474,0.060228445,0.00024041325,-0.01778773,0.018117197,0.021629188,-0.00011170435,0.05507475,-0.0802458,-0.024226956,0.039776452,-0.017500201,0.062277,-0.0033298414,-0.023456084,-0.046115573,-0.016849617,-0.020784983,0.02825592,-0.056859016,0.021011204,0.0070749717,-0.046383604,-0.05316703,0.05436913,0.072506785,0.019865384,0.011646035,-0.028261572,0.031822793,0.009395775,0.05932119,-0.035260566,-0.016381733,0.079677925,0.0041888715,-0.030811977,0.0561695,0.029578997,-0.01307722,0.0007745111,-0.03435676,0.06333899,-0.0059528807,-0.013083033,-0.04868357,0.039522924,-0.04458301,-0.017596396,0.03742904,0.10902043,-0.015672637,-0.069652915,0.03395697,-0.07515091,0.02049143,0.069609985,0.0067501864,0.0005783351,0.0030684369,0.02945152,0.004895673,-0.09394961,-0.015508919,-0.018802568,-0.027754197,-0.06330174,0.0013143262,-0.06495969,-0.029244222,-0.03550071,-0.0150001105,0.038147863,-0.027778456,-0.057551853,-0.02289566,-0.0409788,0.07700311,0.030929761,-0.08339434,-0.07649018,-0.0054884353,-0.024125433,-0.029227577,-0.022928737,0.047389954,0.039008718,-0.058538493,0.030329159,-0.026560806,-0.06770221,-0.016146408,-0.06021168,0.020248774,0.002910404,0.07866722,0.015656797,-0.025176615,0.00015421033,-0.005857566,-0.0113249915,0.004423777,-0.013341461,-0.00083876954,-0.010231977,-0.046437938,0.016530236,0.03826072,-0.061061822,0.015360226,-0.07755298,0.034111634,-0.011217002,-0.11934318,0.022231072,-0.0567305,0.053933177,-0.0060007907,-0.11288089,-0.04224554,-0.06421439,0.04863274,-0.009090466,-0.007030757,-0.023162741,-0.06101852,0.026769882,0.05712621,0.018890493,-0.048468113,0.012328479,0.0691042,-0.006528495,-0.016981138,0.07995941,-0.02878686,0.0541071,0.09277177,0.010116016,-0.048534155,0.024828175,-0.07243666,0.037569694,0.026318565,-0.014183662,0.009583322,0.07412469,-0.013708192,-0.032983936,0.10509007,0.036546707,0.01802237,0.013797988,-0.04369755,-0.03997221,-0.0017224372,0.0045934985,-0.013007642,-0.033772424,-0.023458159,0.002243095,-0.03903187,0.051482588,-0.015505611,-0.03480815,0.092798606,-0.052587595,-0.012731142,-0.003154435,0.034802653,-0.021234244,-0.042667735,0.068437226,-0.006310004,-0.022759197,0.05681223,-0.010854365,-0.051401198,-0.00822534,-0.007929382,-0.094985835,-0.14907503,-0.023639226,0.0560423,0.074715585,-0.010262168,-0.039355252,0.0010581529,-0.021748783,-0.007806917,0.017959876,0.0026944517,-0.06761778,-0.003032935,-0.080503345,-0.041508578,-0.006562376,-0.05797378,0.04268133,0.09485539,0.0014081664,0.030567992,0.019661412,-0.044961587,0.014350885,0.040833484,0.011186985,0.07611475,-0.015437653,0.0057926476,0.10613909,0.020262139,0.056908313,-0.072270796,0.11154517,-0.03491499,-0.043060686,-0.03224009,-0.107328154,0.011514986,0.037594084,-0.0014123019,-0.031593535,0.007521949,0.0016767973,0.021263273,0.025829395,0.011861689,-0.05560745,-0.029676158,0.021112707,0.030102622,0.0051090494,-0.060589164,-0.07323814,0.044124957,-0.019133661,-0.0067344825,-0.04546953,0.049291402,0.004843199,0.034963176,0.055274297,0.020596216,-0.03403167,-0.015188678,0.04089357,-0.008368165,-0.05972005,-0.044709966,-0.0015552391,-0.06241615,0.02140408,-0.0032799647,0.007744933,0.06053496,-0.054652397,0.007869328,0.006774368,-0.035621632,0.07150136,-0.01679988,0.053789195,0.0024416302,-0.06262941,-0.09913865,-0.01660911,0.085879825,-0.022969522,0.017848905,-0.016127355,-0.0024186885,0.031761736,-0.08363244,0.016285222,-0.056370474,-0.02978958],"light_features":[0.1804375,1.0,0.14353597,6.9668946,2743.332,0.0,0.07,0.16,1.0]}