{"version":1,"model_id":"clap_htsat_fused__sr48k__nfft1024__hop480__mel64__chunk10__repeatpad_v1","preprocess":false,"modified_ns":1766231798000000000,"file_len":42668,"embedding":[0.034079976,0.026556395,0.045937624,0.09610143,-0.021797149,0.01874065,-0.022767039,0.017346267,-0.03802775,-0.038603038,0.023550747,0.047028225,-0.044817332,-0.018446285,-0.0677778,-0.05519205,-0.035916924,-0.021743322,-0.011608685,0.06442225,0.006765497,-0.007830045,0.001697293,0.01650737,0.06016605,-0.025722234,-0.04019822,-0.044263158,0.022656284,-0.0017653253,-0.023533724,0.06253906,-0.022550745,0.001857531,0.056743808,-0.044762246,0.05741038,-0.054109965,0.015646769,-0.03553232,-0.034659725,-0.00065569446,0.06793329,-0.02840065,0.020165235,-0.022921957,0.03820223,-0.043155134,0.038640734,0.013499367,0.015694667,0.032308746,0.034635544,0.046169635,0.037650537,0.07242682,-0.026587646,0.075527556,-0.0030833052,-0.049647808,0.039763846,0.079899214,-0.0038834661,-0.03470491,-0.02158766,0.0579798,-0.06250785,-0.031940795,-0.09102695,0.026863609,0.14253484,-0.022613233,0.035976674,-0.03694871,0.05289093,-0.0032898684,0.032394584,-0.031319488,0.009856928,-0.0863596,-0.036357336,-0.057471767,0.02718574,0.03146033,-0.013482732,-0.008713585,0.07338486,0.053586174,0.03649392,-0.015821163,0.0067965463,0.006029877,0.007662153,-0.06245199,0.05472455,-0.009625179,-0.016156353,-0.02778103,0.030511448,-0.011710444,-0.02648171,0.08653504,0.039599717,0.051504802,-0.057189826,0.07404586,0.040635712,-0.048122372,0.033224896,-0.040464543,-0.021368295,-0.0009822655,0.024741389,0.010251709,0.016752318,0.1477519,-0.01829895,-0.014534815,-0.09205107,0.05355918,0.01163031,-0.037715185,0.030458832,-0.079940625,0.007750316,0.063885875,-0.0025607822,0.044611122,-0.045864124,-0.027705612,-0.040775348,-0.0034650632,0.08185634,0.06383691,-0.015480794,-0.047601644,-0.038081527,0.02751471,0.021834645,-0.0692453,-0.0069751753,-0.043323822,0.06374834,-0.05336099,0.013456765,-0.055241115,0.055734325,-0.0013074734,-0.052190047,0.073112994,0.020680169,-0.009871975,-0.0038045093,-0.062247954,-0.007837922,-0.021514757,0.0071976795,-0.04052336,0.04313021,-0.050037608,0.016439177,-0.034610998,0.01726707,0.00082277315,0.007875183,-0.011740957,0.0030057747,-0.023289941,0.08379768,-0.020686997,0.08589083,-0.013289205,0.043297183,-0.011150245,-0.072415024,-0.003209105,-0.05112034,0.0014378132,0.03658076,0.075371265,0.05589722,0.0031745485,0.03211862,-0.052327447,0.007321646,-0.09581159,-0.07593329,0.076905765,-0.06639173,-0.01708111,-0.003881543,0.022095252,-0.03701689,0.025770277,0.024818052,-0.054573998,-0.020323053,0.005996965,0.0048116394,0.049943607,0.025541326,0.0031909696,0.0070832567,0.025587806,0.034612235,0.0039597196,0.038887464,0.050445795,0.035511725,0.014542259,-0.036901526,-0.024967464,-0.03950113,-0.0073956754,0.04144622,0.00040876854,0.020831374,-0.03472714,0.07206569,0.025145613,-0.046154313,0.028266206,-0.016855542,-0.046256326,0.0077785635,0.0044232616,0.049942147,-0.008481664,0.045080338,-0.016685005,-0.008846101,0.025054421,-0.042506978,-0.02085471,-0.013694104,-0.009807201,0.08974939,-0.010866363,-0.02221306,0.026699275,0.0091789095,-0.0023422819,0.056523472,-0.09439172,-0.032321766,0.020356722,-0.0010838191,0.06978312,-0.016180592,-0.022596885,-0.047273517,-0.035044048,-0.016422201,0.0359376,-0.047023784,0.016219882,0.010169902,-0.034536775,-0.036317255,0.043636538,0.08836699,0.0111891925,0.001606187,-0.042188738,0.04270178,0.008219414,0.061269816,-0.042691838,-0.021682499,0.06430462,0.008049041,-0.02863675,0.032662887,0.027292406,-0.026535975,0.004674901,-0.0345575,0.06056763,-0.009655857,-0.02137748,-0.04758397,0.04941059,-0.062188406,-0.010690461,0.039632775,0.113266565,-0.030253856,-0.0820817,0.025775103,-0.08162447,0.026654916,0.056150585,-0.000038525046,-0.0139927305,-0.0011126898,0.03285116,0.026035769,-0.09798522,-0.01894534,-0.02907089,-0.02522066,-0.06961587,-0.007885499,-0.067880265,-0.011956653,-0.05638297,-0.006568282,0.03236357,-0.021417748,-0.048372936,-0.04429947,-0.04603509,0.07861136,0.036394734,-0.08325566,-0.07150473,0.0023607102,-0.015601299,-0.045892946,-0.021665204,0.06364176,0.04159047,-0.062825866,0.039141577,-0.019777486,-0.05688534,-0.0036036095,-0.05076101,0.019895796,-0.009179376,0.074806474,0.02252096,-0.026940448,-0.0042682476,-0.0034970834,-0.00311767,0.0030662953,0.015309095,0.016619988,0.00910088,-0.045757703,0.0048868866,0.042913213,-0.06884617,0.017593782,-0.071241595,0.03168739,-0.005983027,-0.11976066,0.013989472,-0.0471936,0.038663674,-0.006692713,-0.115415625,-0.042496886,-0.0630393,0.0395965,-0.0128411455,0.0060895025,-0.019285616,-0.049930964,0.034900013,0.04258314,0.0061553004,-0.046991576,-0.0010707945,0.066781275,0.00030662343,-0.016371695,0.06587322,-0.035678238,0.0589928,0.09393192,0.00786122,-0.03728183,0.019915584,-0.063544214,0.036385648,0.016739964,-0.011672125,0.016180167,0.08055709,-0.014362404,-0.027711801,0.10222288,0.022254635,0.012683486,0.015149901,-0.05147076,-0.046315655,-0.030200545,-0.00011294724,-0.016201561,-0.017369317,-0.018108409,0.008569312,-0.047331586,0.04274756,-0.0371207,-0.03946996,0.08645118,-0.066054665,-0.0066769966,-0.0032885764,0.027125606,-0.0143500725,-0.04671602,0.07914678,-0.006992746,-0.024249714,0.08072552,-0.012780059,-0.046785876,-0.016110618,-0.008633485,-0.107525624,-0.14135191,-0.029343428,0.053474788,0.066452526,-0.015501798,-0.040459067,-0.009326911,-0.012416479,-0.004316933,0.029338446,-0.0025080503,-0.057114407,-0.0058594598,-0.07814028,-0.05228498,-0.016902838,-0.06352194,0.043531187,0.09061455,-0.01160215,0.01945031,0.018746907,-0.047382545,0.008755306,0.04658255,0.0029083814,0.07725441,-0.012182705,0.010004442,0.098290265,0.017530423,0.060174678,-0.07734722,0.105102904,-0.03581396,-0.032262783,-0.030066255,-0.10978737,0.0074041844,0.03206675,-0.0069413125,-0.0264856,0.0035593293,-0.00225881,0.03562956,0.02625234,0.02029636,-0.0505314,-0.026867436,0.035912976,0.026424471,-0.002317551,-0.048152912,-0.054869812,0.049423225,-0.02528319,-0.0034307395,-0.046225924,0.052294265,-0.00019370267,0.029363321,0.07101775,0.023865163,-0.039322127,-0.0071581923,0.026575744,-0.008969598,-0.06686054,-0.034066897,0.00021395394,-0.052311845,0.0054739825,-0.0004303042,0.01155239,0.03923117,-0.057304878,0.0006129352,0.0061642025,-0.04561342,0.073706,-0.004593687,0.04745766,0.015085044,-0.05976881,-0.08354933,-0.023182046,0.08502906,-0.02230641,0.019562496,-0.01732948,-0.013199677,0.02676692,-0.08483788,0.026857901,-0.06661302,-0.03262701],"light_features":[0.1543125,1.0,0.16371894,6.108029,3654.921,0.01,0.08,0.14,1.0]}