{"version":1,"model_id":"clap_htsat_fused__sr48k__nfft1024__hop480__mel64__chunk10__repeatpad_v1","preprocess":false,"modified_ns":1766231584000000000,"file_len":264646,"embedding":[0.03084177,0.039902136,0.065622434,0.09931252,-0.031690367,-0.00946227,0.00052116974,0.008617594,-0.03927261,-0.03834462,0.018771186,0.044901803,-0.053482536,-0.008836619,-0.057410043,-0.055445015,-0.021798598,-0.025982633,-0.0003170403,-0.0045606205,0.022214083,0.00008968161,0.03166518,0.002088228,0.076790504,-0.02982406,-0.051649924,-0.06423892,0.016313415,-0.039514508,-0.025061833,0.07029821,-0.013465495,-0.01196895,0.07429321,-0.047771182,0.047481243,-0.041389447,-0.017478637,-0.03575404,-0.037772056,0.028274609,0.12253548,-0.007057597,0.017116303,0.0032810643,0.058843665,-0.009121482,0.053880844,0.018790156,0.02188118,-0.015180569,0.03303381,0.08365338,0.061577316,0.087393165,-0.021786429,0.06317117,-0.0046006213,-0.04714494,0.027885133,0.11061015,0.009308244,-0.02615104,-0.05691043,0.038949043,-0.060895752,-0.05078158,-0.06615334,0.0025958596,0.16194522,-0.025712786,0.022451242,-0.0058498485,0.06481673,0.042315178,0.045772728,-0.008016734,0.045710832,-0.06852521,0.0039349436,-0.045270775,0.020902198,0.0173569,-0.019838866,-0.03339745,0.03329476,0.055232253,0.0015797406,-0.055504847,-0.0038601873,0.006647325,-0.009072292,-0.07268597,0.036732435,0.0053870017,-0.011429087,-0.017750636,0.025071258,0.009812152,-0.006133161,0.08939562,0.04397354,0.005962312,-0.061495036,0.047045242,0.018779254,-0.045141365,0.064094305,-0.03747952,-0.00058363867,0.0024314835,0.06390922,-0.0065195044,0.0019437762,0.08581301,-0.012306056,-0.013239637,-0.12880002,0.060755093,0.02165995,-0.043880634,0.020926576,-0.07267687,0.039213516,0.045094725,0.015561257,0.04537007,-0.034291655,-0.05457051,-0.0051603434,0.022050602,0.06462313,0.046386484,-0.043817356,-0.03412455,-0.046993103,0.02268158,0.030157886,-0.09592031,-0.012719388,-0.0025496674,0.09438271,-0.047529086,0.024539713,-0.006161024,0.03667261,-0.027912,-0.050703354,0.095364176,0.017901957,0.013319173,-0.002057023,-0.04390277,-0.046208464,-0.035495825,-0.0071529173,-0.06748684,0.029974893,-0.005484519,0.00957558,-0.036343303,0.03617941,-0.036465213,0.05958183,-0.021376207,-0.028007029,-0.029715871,0.07619649,-0.023871586,0.09036355,-0.011473327,0.046139665,-0.022823947,-0.062365584,0.005182698,-0.036732517,0.0012806664,0.022771722,0.06838355,0.05558615,0.017311485,0.010889377,-0.067184895,0.025518272,-0.0760279,-0.055538174,0.08758254,-0.04734925,-0.0047798594,-0.022579156,0.036595166,-0.013716988,0.033115253,0.03134558,-0.009992218,-0.008522395,0.028961193,0.021341404,0.049695563,0.026791323,0.039917197,-0.00006512517,0.018984372,0.014002348,-0.011040781,0.019631432,0.06964909,0.011604827,-0.0030305965,-0.051967688,-0.026066357,0.00050366926,0.0021109118,0.032047905,-0.022086227,-0.004002086,-0.017250571,0.059431456,0.047603358,-0.031098908,0.024935273,-0.006869142,-0.0388918,-0.010338673,-0.002141713,0.05639823,-0.001302652,0.05657446,-0.040991113,0.015258109,0.042563535,-0.015457121,-0.034336515,-0.031408835,0.04350422,0.057210688,-0.0041282745,0.0018398435,0.037188634,0.014592332,0.021658614,0.050087117,-0.09534315,0.002045743,0.01989332,0.011175485,0.04206296,0.011883617,-0.005138648,-0.050298616,-0.032530975,-0.0035440864,0.0014300958,-0.031385515,0.022086475,-0.026941217,-0.032391354,0.0030232044,0.06936172,0.08621925,0.013441925,0.0024759613,-0.006797008,0.020716669,-0.0044140876,0.008560652,-0.04173543,-0.030601287,0.04252073,0.03395357,-0.02300729,0.09803696,0.028672585,-0.0012136103,-0.01724997,-0.0035803588,0.06850356,-0.026047595,-0.007957757,-0.06993869,0.031246146,-0.03625947,-0.048852473,0.032244563,0.106409065,-0.038267273,-0.05860628,0.012120105,-0.073619284,0.02074728,0.035615493,0.026141413,-0.009205969,-0.013263486,0.023572326,0.014928315,-0.08746294,-0.005134735,-0.0029633688,-0.0016786081,-0.07388206,0.03387919,-0.107046746,0.013371103,-0.07692303,-0.020696964,0.023453057,-0.030070648,-0.047899216,-0.02494843,-0.03639181,0.0992716,0.037284825,-0.07804721,-0.071187094,0.01266885,-0.007883901,-0.03781146,0.0038345398,0.06602036,0.008000942,-0.056155924,0.026998335,-0.028838232,-0.0544769,-0.00560437,-0.070178926,0.02132324,-0.02764994,0.07913375,-0.0073103993,-0.02637828,-0.024329396,-0.0029290495,-0.035038326,-0.011154954,-0.014319677,-0.014256411,0.01943244,-0.031387575,0.018809998,0.050061405,-0.05183859,0.025074659,-0.067501396,0.014973967,0.006971433,-0.11530145,0.011034057,-0.045468293,0.026821246,-0.004856498,-0.09798687,-0.044692177,-0.07650268,0.024546385,-0.038972244,0.028967839,0.0016242836,-0.05307636,0.050264526,0.06913337,-0.017348139,-0.03159427,-0.02419559,0.106440514,-0.011127638,0.0036207263,0.06751685,-0.027116006,0.04842843,0.09981454,-0.008650088,-0.02838784,0.027935848,-0.057303503,0.044926032,0.047799036,0.0022946044,0.023531666,0.06872455,-0.007158632,-0.031535298,0.07855873,0.029810267,0.051293876,-0.0067627695,-0.083907835,-0.016574737,-0.010700727,0.008510747,-0.007903064,-0.046070367,-0.014749474,0.00717698,-0.03250491,0.06162884,-0.042863376,-0.019477565,0.10389365,-0.031924073,0.0012658003,-0.012027476,0.026912112,-0.008890992,-0.06590102,0.052668728,0.03313767,0.005169201,0.05538376,0.0015508258,-0.051269345,-0.0050060935,0.0056285597,-0.10664677,-0.11623989,-0.02016866,0.03922292,0.08579883,-0.0014121814,-0.04490186,0.020747768,-0.029174259,-0.006092336,0.033146806,0.019674772,-0.052645423,0.010701515,-0.0792858,-0.019114643,-0.06282297,-0.04550519,0.032453347,0.059452534,0.0061839763,0.011208702,0.022155035,-0.04396349,0.031932376,0.047843058,0.015713528,0.0875397,-0.008758214,0.017046345,0.08821772,0.05547113,0.07261035,-0.042305153,0.063525625,-0.01942987,-0.035477303,-0.019542972,-0.09593683,0.0097816475,0.0012837072,-0.0010332343,-0.018304046,0.03909968,-0.031020483,0.025241198,-0.0015310852,0.011440606,-0.061283045,-0.007060905,0.03820926,-0.0010254006,0.011279988,-0.04856165,-0.04857841,0.051893182,-0.019168599,0.0010369497,-0.058223028,0.062520035,-0.0075488724,0.030432822,0.051217165,-0.0056182765,-0.005872727,-0.0033624098,0.010797506,-0.015602178,-0.042282168,-0.043748327,0.026248176,-0.04405277,0.05243771,-0.0021884427,0.005539303,0.049347628,-0.0576245,-0.035789005,0.01961655,-0.020511022,0.07392264,-0.003921816,0.059900828,0.0076945443,-0.09189088,-0.10069232,-0.04511856,0.06835668,0.034613404,0.023980772,-0.001170317,-0.023462646,0.000944999,-0.06972327,0.008681053,-0.028268356,-0.055443455],"light_features":[0.105,1.0,0.2673778,3.7400265,4752.381,0.01,0.08,0.089999996,1.0]}