{"version":1,"model_id":"clap_htsat_fused__sr48k__nfft1024__hop480__mel64__chunk10__repeatpad_v1","preprocess":false,"modified_ns":1766231930000000000,"file_len":26080,"embedding":[0.024320351,0.024835838,0.038780358,0.09157834,-0.017491464,0.014965966,-0.024146197,0.014671793,-0.04214555,-0.041152857,0.021158647,0.056692947,-0.037360284,-0.030701388,-0.056268316,-0.054380488,-0.036022764,-0.017150464,-0.007864247,0.04484709,0.001716497,-0.002477533,0.01208091,0.018221026,0.072322965,-0.028367214,-0.029143896,-0.045305762,0.014229421,0.0068202117,-0.0131015675,0.066214256,-0.02102127,0.0016237058,0.06556635,-0.046436537,0.05995093,-0.054778118,0.015289412,-0.04619642,-0.03097962,-0.0009879633,0.07473065,-0.021107737,0.020378428,-0.015443506,0.035644297,-0.03181976,0.04718335,0.0117850015,0.014268742,0.030301848,0.023843125,0.047523584,0.053405628,0.071178444,-0.03349182,0.068605125,-0.014707141,-0.058471892,0.041099433,0.095769346,-0.010011827,-0.041377235,-0.026682971,0.053332772,-0.056481037,-0.04418387,-0.08433836,0.01605615,0.13435772,-0.027809931,0.03878205,-0.03279533,0.045750566,0.001468239,0.03297139,-0.022631694,0.0048329937,-0.08933228,-0.029774757,-0.058703274,0.038175765,0.021383652,-0.011449063,0.0064527285,0.07921381,0.0582768,0.020149816,-0.019791016,0.009177279,0.00952169,0.014019655,-0.04825595,0.064602904,-0.009203633,-0.018816499,-0.01525771,0.01639543,-0.022472333,-0.018147476,0.08000259,0.032621432,0.037483245,-0.04533738,0.07013072,0.039830636,-0.037179507,0.0419054,-0.04193537,-0.02852338,-0.0033194679,0.028682977,-0.003292904,0.028263679,0.14312825,-0.026700793,-0.020549787,-0.094772585,0.0720606,0.010999808,-0.047898572,0.027710428,-0.062338173,0.007353822,0.058676798,-0.0054466994,0.050835285,-0.04212679,-0.015030622,-0.022416051,-0.007428811,0.07428637,0.08105299,-0.02946977,-0.04135435,-0.036478322,0.016334062,0.02449217,-0.08818676,-0.0042992476,-0.052666064,0.06345495,-0.06719832,0.014452104,-0.04922138,0.057009187,-0.025664855,-0.07182361,0.06921271,0.029529262,-0.006218364,0.004733328,-0.04494764,-0.01524657,-0.016664566,0.0040577534,-0.04207186,0.041382797,-0.060335852,0.0049685016,-0.035617888,0.01573893,-0.00072049827,0.010589051,-0.017372772,0.0009189882,-0.024526073,0.07047326,-0.020479241,0.0931964,-0.01198752,0.04206745,-0.017670723,-0.074018106,0.0033177985,-0.05069245,0.00748199,0.031898923,0.090793446,0.05353534,0.004269862,0.024547676,-0.05120814,0.0040474683,-0.09765467,-0.06428427,0.09145953,-0.05703685,-0.011268391,-0.012324603,0.021618297,-0.034792945,0.013476478,0.02988698,-0.042786036,-0.020060793,-0.0034642383,0.014060824,0.044854168,0.016909309,0.009415619,0.0050829123,0.030218806,0.035135776,0.0053123753,0.050475847,0.049469102,0.034016345,0.017419158,-0.03891363,-0.019232355,-0.026729738,-0.017169597,0.0482207,0.005391538,0.027416304,-0.05670886,0.07357565,0.019803982,-0.044483006,0.029695334,-0.017231077,-0.037975434,0.013034892,0.0019226156,0.06726885,-0.023136467,0.04558123,-0.02188199,-0.010407432,0.02915453,-0.027686507,-0.023477606,-0.013972166,0.001626755,0.06259657,-0.0057555633,-0.019097265,0.02798896,0.013256199,0.0019888002,0.05238006,-0.08490312,-0.034551002,0.03490066,-0.01306118,0.06507419,-0.014383407,-0.026490776,-0.04367708,-0.024849392,-0.01875887,0.028537296,-0.047116976,0.013020214,0.008451656,-0.04156731,-0.056928907,0.04880894,0.071113355,0.018764913,0.016297484,-0.03428678,0.037308555,0.0044933613,0.05938124,-0.03928945,-0.017662136,0.07686116,0.0034394122,-0.036458466,0.04664754,0.028530125,-0.012540661,0.0072688865,-0.03766488,0.0641644,-0.00578851,-0.018575037,-0.048847746,0.046929765,-0.04876901,-0.023690382,0.04435933,0.111074015,-0.015662113,-0.07223276,0.027866475,-0.073217064,0.023117408,0.07185485,0.011340597,0.0034703582,0.004349395,0.02744397,0.0021149328,-0.09498154,-0.008988204,-0.029616546,-0.027753873,-0.0665372,-0.0017819882,-0.060711622,-0.02577925,-0.041138276,-0.010588777,0.034482043,-0.029706527,-0.05838378,-0.030153234,-0.039220463,0.07540413,0.036441345,-0.08531924,-0.0771236,-0.009199159,-0.018853016,-0.032960977,-0.026432492,0.054435816,0.044639815,-0.0657019,0.03512471,-0.024119334,-0.06390695,-0.014449401,-0.055690613,0.016164768,0.0026586412,0.081132516,0.018286446,-0.024152074,0.0057637654,-0.0016406613,-0.0076159425,0.0075179287,-0.0067525567,-0.0025786562,-0.0009341336,-0.045711942,0.022632612,0.041754294,-0.06189891,0.014605951,-0.07749452,0.02787706,-0.008226035,-0.11567603,0.018607689,-0.054078165,0.046877306,-0.0035473066,-0.10960582,-0.044030886,-0.06528584,0.046215612,-0.0007806964,0.00065033097,-0.019484427,-0.05548424,0.032027517,0.060657185,0.009852302,-0.0439088,-0.00095611333,0.06559839,-0.0042233528,-0.014968014,0.0731127,-0.030981667,0.061009813,0.09461264,0.009310604,-0.045317177,0.030783346,-0.058561992,0.03576539,0.023761762,-0.0049799248,0.00653656,0.0751139,-0.020489262,-0.04025921,0.10493234,0.03316342,0.01750221,0.011372471,-0.04265502,-0.039671544,-0.0019697368,-0.00015057369,-0.01920268,-0.025255233,-0.02469219,0.0038185592,-0.03964629,0.05415322,-0.02004223,-0.035050496,0.093102075,-0.05846883,-0.01559059,-0.0066591287,0.02297985,-0.021520136,-0.04803616,0.072588645,0.0026767962,-0.022500906,0.06280787,-0.020350017,-0.048523493,-0.00819694,-0.010405191,-0.098258674,-0.14290144,-0.019935783,0.055326838,0.07861182,-0.014312018,-0.036155112,0.001159835,-0.013163326,0.003262825,0.019554762,-0.004933013,-0.061393056,-0.0011232083,-0.078928724,-0.05001001,-0.011793416,-0.061169896,0.042978387,0.09234652,-0.000714383,0.031124823,0.019378087,-0.043468293,0.01439111,0.040786754,0.005800442,0.07393624,-0.018163841,0.003812746,0.104269154,0.021861449,0.057615753,-0.07880703,0.10492335,-0.029712237,-0.044476,-0.039837386,-0.10850382,0.009675621,0.037037104,-0.0023507986,-0.023936275,0.011255441,-0.014067425,0.028020082,0.021387404,0.015303126,-0.060739372,-0.034471605,0.024285294,0.030688237,0.0036137858,-0.051576007,-0.07259164,0.040129114,-0.012422928,-0.00519581,-0.0447127,0.05269591,-0.0032830182,0.040826384,0.058747556,0.021003239,-0.036452815,-0.021382065,0.039824415,-0.0023180922,-0.05846646,-0.04597368,-0.0023822705,-0.0580054,0.015387561,-0.007554562,0.009888933,0.062110778,-0.050187875,0.0047725104,0.008292576,-0.033369467,0.06908935,-0.02069689,0.058957204,0.011155985,-0.05947746,-0.09836552,-0.018603561,0.08758618,-0.017862152,0.015083898,-0.016130477,-0.00893344,0.03060619,-0.08776726,0.012464741,-0.06102664,-0.033059638],"light_features":[0.1,0.99999994,0.17869548,5.596112,5430.0,0.0,0.04,0.08,1.0]}