{"version":1,"model_id":"clap_htsat_fused__sr48k__nfft1024__hop480__mel64__chunk10__repeatpad_v1","preprocess":false,"modified_ns":1766231572000000000,"file_len":50412,"embedding":[0.014166631,0.015267278,0.05602848,0.10003267,-0.04322221,0.012788727,-0.028051563,0.005070651,-0.031484444,-0.05151533,0.027275095,0.050551668,-0.045213383,-0.027408075,-0.05924507,-0.049718153,-0.039721943,-0.01901442,-0.0022742888,0.051034983,-0.0026922734,-0.014934855,-0.009070791,0.014311305,0.068065815,-0.0398209,-0.034776185,-0.043265022,0.024731757,-0.0016489658,-0.032442212,0.060644314,-0.026253706,0.003488863,0.054607056,-0.03470235,0.053841572,-0.051382076,0.0013230639,-0.028596606,-0.020567238,-0.008598389,0.0856854,-0.03305749,0.013065018,-0.014997626,0.029231567,-0.04577417,0.031838227,-0.001252409,0.024659947,0.021545166,0.049442932,0.044634726,0.04685949,0.09054887,-0.04078751,0.07074742,-0.018794227,-0.024183057,0.051046647,0.100607514,-0.020061018,-0.028801281,-0.026913615,0.05528291,-0.055258375,-0.033878244,-0.08133687,0.022077855,0.1387274,-0.028156128,0.03843322,-0.036098376,0.030798975,0.028041331,0.027123148,-0.021505443,0.024366578,-0.10645665,-0.03374848,-0.06756244,0.03169898,0.020716375,-0.039829563,-0.016059907,0.06381331,0.07675673,0.036889557,-0.025307598,0.008150562,0.0030912263,-0.0006554002,-0.055504818,0.06393259,0.009267594,-0.017313171,-0.013411208,0.011740165,-0.0015419855,-0.0251427,0.069356635,0.027096367,0.046952188,-0.048264332,0.06471954,0.042599276,-0.050872017,0.040708676,-0.02785525,-0.014372785,-0.011134348,0.040979758,-0.009251732,0.01931311,0.13001704,-0.016376168,-0.02484781,-0.09509277,0.07631202,0.016393814,-0.042320855,0.0468966,-0.062218845,0.00076300313,0.076735236,0.0051621865,0.06664926,-0.046028607,-0.019113427,-0.026848739,-0.015338753,0.090124734,0.08315307,-0.020544218,-0.046498913,-0.03985065,0.013419551,0.021981442,-0.08604031,0.0029610912,-0.021889392,0.08827612,-0.053371858,-0.0015937273,-0.052869733,0.06259324,-0.01204997,-0.060638424,0.084151365,0.019997505,-0.024825452,-0.003606481,-0.05208187,-0.0047256397,-0.019410297,0.008759642,-0.047056105,0.03780624,-0.06510101,0.011203054,-0.043407593,0.01565654,0.006135781,0.014793508,0.0011415468,0.0049814056,-0.02840516,0.07704456,-0.017887127,0.08236504,-0.0018771763,0.021834794,-0.024050863,-0.07483593,-0.012057295,-0.047432553,-0.008703621,0.042286362,0.091599554,0.04535698,-0.013764291,0.011592797,-0.04741024,0.0031805001,-0.086223364,-0.06092279,0.08459944,-0.06005462,-0.02496912,-0.01829335,0.049831104,-0.037348695,0.019589175,0.045309555,-0.036331754,-0.01709582,0.003499555,0.01835334,0.06499519,0.024103336,-0.00093519065,0.018784681,0.019012278,0.026641214,-0.0013760643,0.025901554,0.04304004,0.020642973,0.010863398,-0.060405795,-0.035788395,-0.029910136,-0.012614798,0.03582549,0.007707562,0.0373943,-0.03499348,0.059284925,0.027421843,-0.069354415,0.016819322,-0.01664993,-0.029166274,0.0146183465,0.00334051,0.05621303,-0.009693826,0.03813312,-0.017713783,-0.028683536,0.016353868,-0.02634699,-0.004197287,0.001834315,-0.006770439,0.06205845,-0.022411559,0.005150856,0.0117802285,0.0022060429,-0.009819156,0.047942407,-0.08481758,-0.015086319,0.06377043,-0.02354416,0.068069205,-0.0037679062,-0.023034891,-0.03503329,-0.02102042,-0.010474127,0.021516517,-0.035864033,0.025322828,0.008106083,-0.046929285,-0.03597008,0.05952095,0.07950194,0.008165239,0.0053944276,-0.020576311,0.033681225,0.03164009,0.050558254,-0.026493013,-0.014009668,0.065037996,-0.0000057195225,-0.020685894,0.058833703,0.028945848,-0.023232635,-0.0048965635,-0.021692745,0.059025336,-0.014607053,-0.0036508408,-0.064689286,0.04603464,-0.0528791,-0.018763518,0.028253276,0.10163972,-0.030734742,-0.08078281,0.03876033,-0.07838163,0.037696667,0.073219374,-0.003380053,-0.026552767,0.009327503,0.022702916,0.017483326,-0.09060696,-0.014092488,-0.009065382,-0.022302939,-0.08341575,-0.014217075,-0.067359425,-0.034838375,-0.05002402,-0.028895032,0.021837905,-0.022168044,-0.069268934,-0.021170532,-0.04181625,0.088431664,0.028463531,-0.099322475,-0.06502491,-0.0085567245,-0.024360206,-0.03802196,-0.009036299,0.038232215,0.038180828,-0.057824466,0.036292944,-0.021101268,-0.054466885,0.0048373314,-0.062021945,0.028557613,0.012347922,0.080142476,0.021087997,-0.0061813346,-0.016156118,-0.0006015548,-0.005704736,0.0072610197,-0.0025108824,0.0017751897,-0.017427156,-0.049111865,0.003040981,0.017167633,-0.06716084,0.0064783804,-0.08641045,0.032842793,-0.0053710365,-0.12440925,0.009985676,-0.042438336,0.055368576,-0.0066359336,-0.11084199,-0.03832186,-0.0632737,0.045143984,-0.01743695,0.00034420408,-0.029068008,-0.06631973,0.024102997,0.044126086,0.010176092,-0.047778968,0.011496168,0.06688961,0.00279491,-0.020998258,0.07761458,-0.04620487,0.0507635,0.10840357,0.012426126,-0.04306436,0.018002873,-0.072854154,0.056439236,0.028249849,-0.0057400744,0.01289389,0.07330095,-0.02147192,-0.012718569,0.07736983,0.02645748,0.019434692,0.026390688,-0.052807,-0.029957058,-0.03040521,0.0142974425,-0.025617115,-0.024963245,-0.032399613,0.00921899,-0.044145543,0.053691395,-0.019911025,-0.03446921,0.06842065,-0.05521709,-0.012262734,-0.014874909,0.028790316,-0.015799493,-0.046069045,0.076184064,-0.011480221,-0.021244936,0.0820084,-0.0075630415,-0.052321337,-0.008034015,-0.008928305,-0.094356164,-0.13252938,-0.027978411,0.068068,0.06971323,-0.011704571,-0.051636457,-0.019949302,-0.020642022,-0.015139255,0.025846593,-0.006005765,-0.072302744,0.00904399,-0.0590738,-0.030539837,-0.020457322,-0.05199836,0.047052566,0.087108135,0.015995482,0.019807462,0.027563512,-0.04670389,0.008029717,0.026979694,0.0077146604,0.05871473,0.004932665,0.010329955,0.11297356,0.019481346,0.059894767,-0.06422789,0.099578395,-0.027636409,-0.037012365,-0.014779003,-0.106391415,0.004286102,0.031016506,-0.022243816,-0.028059931,0.0090151,-0.0106545,0.029155158,0.02048879,0.024077557,-0.04388734,-0.018293967,0.029700084,0.0070629804,-0.0013591717,-0.0535317,-0.07026462,0.050436284,0.0002749858,-0.013978692,-0.0379868,0.06048152,0.0072989557,0.04837003,0.056022845,0.03983047,-0.022024324,-0.00047113025,0.03627303,0.001593978,-0.057056013,-0.050756115,-0.0004070437,-0.051414814,0.032087605,-0.020645712,0.005873305,0.041467074,-0.05775129,-0.004086403,-0.005018991,-0.0410927,0.06107236,-0.021809602,0.055338543,0.0027505944,-0.06239833,-0.09259021,-0.025199119,0.07700424,-0.032085806,0.026277358,-0.021929925,-0.0162154,0.03621365,-0.050684143,0.018660337,-0.048417773,-0.028269863],"light_features":[0.165,1.0,0.1660007,6.024071,2745.4543,0.0,0.13,0.14999999,1.0]}