{"version":1,"model_id":"clap_htsat_fused__sr48k__nfft1024__hop480__mel64__chunk10__repeatpad_v1","preprocess":false,"modified_ns":1766231484000000000,"file_len":138020,"embedding":[0.028088186,0.016540237,0.042932615,0.08568304,-0.019842712,0.02113745,-0.015654787,0.010084001,-0.045702163,-0.034994274,0.024885776,0.054160327,-0.036510963,-0.017876117,-0.06464481,-0.06235721,-0.026967272,-0.021561857,0.009297981,0.052849747,0.016981347,-0.018194122,0.0036314076,0.032163218,0.064756446,-0.040438328,-0.022261797,-0.026612509,0.023669038,0.0076560443,-0.018509792,0.06657191,-0.027698727,0.009025261,0.057237767,-0.055356383,0.05715541,-0.04352848,0.014263694,-0.0416241,-0.0355482,-0.00830256,0.066474654,-0.0232926,0.010532634,-0.0060879644,0.032663126,-0.03345081,0.04933533,0.021382743,0.003525086,0.021664971,0.018111449,0.038072318,0.04650096,0.05741907,-0.032726403,0.06901706,-0.014429654,-0.050842352,0.049960848,0.10432897,-0.02169271,-0.04166794,-0.019163836,0.05442458,-0.07066828,-0.03443363,-0.09694224,0.003416695,0.13823202,-0.024249062,0.040091112,-0.031545635,0.02903373,0.0007919311,0.02892154,-0.020121744,-0.006741086,-0.09949151,-0.03174458,-0.06846742,0.028793175,0.013288177,-0.017870946,0.010396475,0.07369338,0.05958707,0.02887029,-0.02012148,0.014339681,0.013637334,0.0039067017,-0.04861638,0.057771996,-0.007004537,-0.031011462,-0.022865457,0.02323703,-0.014054424,-0.028466487,0.0682772,0.028706582,0.029669479,-0.056158505,0.06987352,0.044776212,-0.05374632,0.03831655,-0.037234202,-0.020146614,-0.0045946217,0.041736167,0.0016088323,0.028744608,0.14592329,-0.030630833,-0.014344189,-0.09262579,0.060923543,0.00326741,-0.039092705,0.035326887,-0.07347182,0.01787846,0.058415227,0.007897059,0.054663118,-0.039934777,-0.0142608285,-0.02882492,-0.004003317,0.060671598,0.06729775,-0.026138606,-0.044283852,-0.035619535,0.029740792,0.0160572,-0.086705506,-0.017748555,-0.04915526,0.07919172,-0.055722445,0.017215846,-0.05294417,0.04951549,-0.0073019927,-0.054187812,0.06498613,0.0282771,-0.0138776405,0.005167775,-0.06356667,0.01062605,-0.02471857,0.0031631219,-0.041555855,0.035567805,-0.051021833,0.017975958,-0.024415338,0.012002152,0.002604062,-0.003738974,-0.0046232194,0.0009236005,-0.020322975,0.07473583,-0.024535902,0.09057141,-0.014808931,0.038008127,-0.0116021,-0.069822215,0.000766042,-0.044161793,0.0009271747,0.031101946,0.086708985,0.051342152,0.00051845785,0.028183507,-0.04621338,0.011928031,-0.10284295,-0.056505017,0.08080145,-0.065189645,-0.0114404345,-0.024116227,0.024778135,-0.038332805,0.013339645,0.010231383,-0.03021685,-0.022147551,0.000042482323,0.016956603,0.035821892,0.035951126,0.00876965,-0.0009698543,0.03475536,0.0418773,-0.0021857284,0.060271453,0.03226487,0.035543606,0.018493272,-0.041427694,-0.034027305,-0.030267945,-0.015767965,0.05000531,-0.007926065,0.020566713,-0.044655368,0.06351379,0.023114497,-0.03341974,0.02321974,-0.0037310165,-0.031097822,0.017920852,0.006793904,0.06320022,-0.0128317075,0.0434672,-0.022981685,-0.0068199467,0.025105145,-0.032970354,-0.011562879,-0.02281117,-0.0025415344,0.055409644,-0.006734484,-0.009711466,0.030508902,0.026966695,0.003897992,0.03917896,-0.09898212,-0.037398662,0.048543382,-0.0104282815,0.06951117,-0.014923497,-0.01759007,-0.03463897,-0.025177317,-0.012880733,0.0386823,-0.036206506,0.007622005,0.009199122,-0.024966437,-0.0423106,0.04698051,0.073351786,0.0018003285,0.023720969,-0.011136141,0.031016873,0.011155027,0.0670807,-0.03433275,-0.017909747,0.06695828,0.0206477,-0.024663856,0.03703047,0.012131486,-0.014400121,0.00088830484,-0.03525846,0.068214566,-0.013927685,-0.017967831,-0.051235877,0.045655683,-0.04680044,-0.03040694,0.03789648,0.11352705,-0.021086,-0.09289954,0.040930238,-0.061626405,0.01703191,0.07505846,0.0038539923,-0.0026023572,-0.0031124188,0.02280086,0.0050173895,-0.09218221,-0.013893793,-0.03945716,-0.03313157,-0.06376692,-0.007385891,-0.061229326,-0.020374157,-0.05709811,-0.010836057,0.037667483,-0.0039927852,-0.06937044,-0.027450291,-0.048035547,0.065216586,0.04040571,-0.06830325,-0.08040025,-0.019424507,-0.027535802,-0.043372665,-0.012883236,0.05520092,0.039534014,-0.061801333,0.042341586,-0.022237705,-0.0704911,0.0032973716,-0.055402502,0.016441729,-0.0019699696,0.07806315,0.0117215505,-0.030601915,0.0004761224,0.007427871,-0.0062471777,0.0051926435,-0.0054038903,-0.0006096268,-0.009180727,-0.039450854,0.023326043,0.062240098,-0.06372169,0.010737119,-0.09635644,0.017783923,-0.020663414,-0.10674359,0.02273863,-0.050646845,0.05489279,-0.0037024245,-0.11212158,-0.038348082,-0.069965474,0.03645544,0.002559094,0.016670467,-0.016101906,-0.05512293,0.026536442,0.03623672,0.013952636,-0.042368725,0.014056328,0.083193585,-0.0020377545,-0.018739516,0.07568618,-0.027221596,0.056177195,0.08566099,0.012017489,-0.025750492,0.026609793,-0.055815708,0.03748521,0.020166848,-0.009366216,0.010661141,0.06840196,-0.03246366,-0.04517706,0.09790385,0.025864692,0.01205278,0.01217826,-0.046103686,-0.038907625,-0.012475285,0.004867541,-0.019239191,-0.017061494,-0.015484189,-0.0080182385,-0.02713085,0.051628143,-0.022888744,-0.029695217,0.081536345,-0.06342466,-0.012856249,-0.000060371483,0.03384441,-0.029121766,-0.040106725,0.07000175,-0.009861989,-0.032612287,0.07083389,-0.017063357,-0.06315805,-0.028476097,-0.02549012,-0.10522028,-0.13283917,-0.028505623,0.06661319,0.06733253,-0.018491605,-0.040197924,-0.007468605,-0.015107264,0.0018282416,0.031208185,0.00034390824,-0.070715964,-0.008771532,-0.07775321,-0.049112383,-0.02047618,-0.06318295,0.05131767,0.11141365,-0.0024897682,0.025616402,0.025764706,-0.048696868,-0.0029390291,0.0480024,-0.0018139309,0.07462724,-0.00019208457,0.007506234,0.12343585,0.014498369,0.045555886,-0.06973664,0.09409179,-0.023130871,-0.04111855,-0.043830737,-0.09975554,0.013328801,0.025554864,-0.008992685,-0.024140118,0.00076012826,-0.002026601,0.030947924,0.02324017,0.025208743,-0.044563986,-0.019847367,0.04023011,0.027302032,-0.020503007,-0.040411234,-0.080132484,0.053274643,-0.015141894,-0.0032878642,-0.06676773,0.05246123,0.00044561655,0.04210062,0.05318409,0.033568967,-0.037162494,-0.00986981,0.04784809,0.011811596,-0.06586142,-0.037669323,-0.00566223,-0.058490578,0.00044963497,-0.0076540927,-0.0036071579,0.054463245,-0.06029851,-0.0032518446,0.012851393,-0.04175291,0.07391084,-0.01936511,0.07780628,-0.0035766293,-0.067494735,-0.098302834,-0.0150429355,0.08691525,-0.03163573,0.010020229,-0.020453336,-0.023304136,0.042072687,-0.08424155,0.03189427,-0.05617781,-0.034302596],"light_features":[0.205,1.0,0.16822614,5.9443793,1268.2927,0.01,0.049999997,0.19,1.0]}