{"version":1,"model_id":"clap_htsat_fused__sr48k__nfft1024__hop480__mel64__chunk10__repeatpad_v1","preprocess":false,"modified_ns":1766231582000000000,"file_len":127156,"embedding":[0.0349283,0.020626698,0.048074197,0.08877432,-0.02641786,0.010981383,-0.029793572,0.014276055,-0.034166474,-0.04376294,0.019446036,0.050788846,-0.041937076,-0.026573693,-0.059369583,-0.05701099,-0.032876637,-0.015025103,-0.0009230233,0.05154373,0.0031578236,-0.0077208015,0.013518422,0.020047195,0.07728133,-0.027414108,-0.03459407,-0.0399825,0.018137906,0.0023272233,-0.016688045,0.074100405,-0.02017487,-0.003226845,0.058959834,-0.043252412,0.055288497,-0.05338748,0.013330066,-0.04253908,-0.024318492,0.0047353976,0.071124345,-0.028095664,0.018524695,-0.019942349,0.03584893,-0.030388232,0.044135947,-0.002698682,0.021958541,0.0320793,0.024900557,0.04074221,0.048240524,0.0803281,-0.035832442,0.06620356,-0.01150905,-0.051402546,0.037839185,0.092605025,-0.008246405,-0.04117389,-0.025294725,0.053936373,-0.053830665,-0.03999224,-0.07915365,0.01781782,0.14170377,-0.031813767,0.02898833,-0.026930945,0.040399108,0.010358505,0.035850096,-0.02399454,0.005804469,-0.08807014,-0.026073774,-0.058804344,0.039860122,0.026964879,-0.015270253,0.0077017536,0.06872543,0.06047532,0.02383719,-0.020719042,0.012869175,0.010327838,0.013009767,-0.050139334,0.06103234,-0.006964947,-0.019883223,-0.017419832,0.013224243,-0.025741296,-0.02374841,0.075792655,0.03678,0.043406554,-0.0513262,0.06910139,0.041046537,-0.031475488,0.045815848,-0.03563811,-0.025185782,0.00032505696,0.035321716,-0.0048071584,0.026729997,0.14076754,-0.023902865,-0.021980416,-0.088473715,0.07102467,0.012866228,-0.04046642,0.041082606,-0.070499815,0.009188121,0.06172615,-0.00055316417,0.046953663,-0.03841918,-0.017935602,-0.027146298,-0.009659914,0.08041492,0.07904506,-0.022022603,-0.041740473,-0.030965159,0.018358247,0.021487707,-0.08885733,-0.004961894,-0.048229177,0.06960101,-0.06755057,0.012747379,-0.050161943,0.051174484,-0.009497319,-0.06032082,0.07353783,0.03478397,-0.009000924,-0.0026147212,-0.049702767,-0.006333085,-0.026059674,0.0037153126,-0.041766513,0.038134895,-0.052849066,0.012700731,-0.0291811,0.014286594,-0.0058216676,0.01583409,-0.014869274,-0.002776225,-0.027756352,0.08088167,-0.02682408,0.08955713,-0.007496494,0.0328823,-0.015812963,-0.074879825,0.0011619404,-0.05375956,0.011367817,0.03036422,0.08672778,0.052981384,0.004438143,0.021954637,-0.053669866,0.004284832,-0.10292583,-0.06682623,0.08732575,-0.06025876,-0.016238282,-0.017671578,0.0210005,-0.038306355,0.022563484,0.03227129,-0.041919366,-0.011525001,-0.0029258204,0.014741946,0.046466388,0.025838157,0.002426648,0.0081301,0.029980533,0.03820509,0.006928978,0.042528395,0.0502604,0.0304004,0.019429337,-0.040637046,-0.024650538,-0.025125856,-0.01922285,0.045132443,0.00736248,0.025636826,-0.04982825,0.06845753,0.016744917,-0.04586174,0.029106382,-0.023292754,-0.03669298,0.012684465,0.00031493668,0.06423479,-0.010601406,0.047920715,-0.02195485,-0.007878204,0.022956302,-0.024830574,-0.012369688,-0.014840714,-0.005041205,0.071688466,-0.011180932,-0.017000208,0.023831194,0.02353306,0.0003985211,0.05709332,-0.08543699,-0.02473637,0.035507627,-0.012028365,0.067286626,-0.009939553,-0.021627584,-0.041572466,-0.01968372,-0.022915715,0.032763872,-0.052902903,0.021435644,0.009870999,-0.041818365,-0.055073623,0.052687377,0.072861135,0.0154639045,0.015174086,-0.029231634,0.031698685,0.002695514,0.057829935,-0.04033954,-0.019013247,0.07352966,0.009067787,-0.031517237,0.052021746,0.031887587,-0.012425767,0.0039171353,-0.03517701,0.06478829,-0.01022767,-0.013921178,-0.054896917,0.041906033,-0.0549887,-0.024836896,0.03982201,0.1168973,-0.014631575,-0.07793519,0.034792177,-0.079626806,0.022846336,0.07007337,0.0051801703,-0.0018351341,-0.0033613434,0.025244396,0.008487556,-0.09952258,-0.014747069,-0.019969055,-0.029717518,-0.06870027,-0.00823762,-0.06575088,-0.027566824,-0.04131463,-0.011279723,0.036550492,-0.022308035,-0.055196613,-0.02784087,-0.042630464,0.07390958,0.03615403,-0.0855375,-0.075546764,-0.0129360575,-0.02794287,-0.03556573,-0.017548896,0.055094443,0.03842321,-0.06177454,0.033624314,-0.021673827,-0.06433732,-0.0157125,-0.05780257,0.02086308,-0.0016643852,0.08048387,0.013296116,-0.020020373,-0.005171721,-0.00076683576,-0.009388993,0.0034000657,-0.008276932,0.00822303,-0.010691224,-0.046797827,0.01641615,0.037823044,-0.05697935,0.018771889,-0.07774662,0.0322834,-0.010160996,-0.12127465,0.019882698,-0.055402968,0.054501798,-0.0039968705,-0.11334747,-0.040594783,-0.06347559,0.04262972,-0.0062441197,-0.00094557833,-0.023361376,-0.05557426,0.025206199,0.04882979,0.017841082,-0.047275048,0.013277099,0.073678575,-0.007116118,-0.012612865,0.07488006,-0.034851152,0.060796577,0.09474211,0.0093481215,-0.041026868,0.022567758,-0.068561986,0.03598334,0.023139318,-0.011919681,0.010754201,0.0772092,-0.014816849,-0.030711707,0.10034586,0.033164468,0.016329268,0.011667287,-0.054650202,-0.04110722,-0.003916363,0.0060638497,-0.0076252576,-0.02401561,-0.02495291,0.009416749,-0.03628682,0.052795973,-0.01713894,-0.02958823,0.093884595,-0.06156841,-0.0128109,-0.0017905543,0.027070357,-0.02063154,-0.04664596,0.072638996,-0.005013331,-0.026341353,0.06573378,-0.014580105,-0.048993327,-0.008538992,-0.0116465995,-0.099567056,-0.14705104,-0.024885917,0.05723984,0.070901744,-0.016616143,-0.03759471,-0.0033197848,-0.019785667,-0.005908262,0.023039673,-0.0013813579,-0.06670013,-0.00013594226,-0.08015556,-0.04245248,-0.007161232,-0.061294183,0.045530874,0.090029866,0.0034924804,0.025799127,0.02264415,-0.045922317,0.009129296,0.040833324,0.0067251762,0.07373049,-0.012247784,0.005331614,0.10725235,0.02027796,0.050363917,-0.071578644,0.10505305,-0.030623619,-0.038221758,-0.032551974,-0.10604146,0.007958252,0.03352939,-0.009735267,-0.03144984,0.0025662791,-0.0048467517,0.025314558,0.02277214,0.017940821,-0.055359975,-0.025528919,0.021970369,0.024566943,0.0019814337,-0.04826317,-0.07244477,0.045222808,-0.01908166,-0.0019682383,-0.048007023,0.052911676,0.0042071734,0.03985551,0.053089514,0.025921607,-0.03312346,-0.017839754,0.039575048,-0.012145805,-0.061384283,-0.04380945,-0.0016260882,-0.049865693,0.016303606,-0.0049206982,0.011310803,0.059658065,-0.05499533,0.012029718,0.007846106,-0.041399322,0.074681476,-0.015380718,0.059377417,0.004545326,-0.060748342,-0.09581833,-0.019981308,0.08806556,-0.023594048,0.021076256,-0.017577453,-0.0023965503,0.03453466,-0.07941787,0.017360281,-0.06389997,-0.037808318],"light_features":[0.225,1.0,0.1515061,6.6003942,2275.5557,0.02,0.089999996,0.17,1.0]}