{"version":1,"model_id":"clap_htsat_fused__sr48k__nfft1024__hop480__mel64__chunk10__repeatpad_v1","preprocess":false,"modified_ns":1766231784000000000,"file_len":128042,"embedding":[0.038920183,0.020975986,0.0441668,0.09027768,-0.02235635,0.017847281,-0.02423847,0.021363588,-0.039060272,-0.03670592,0.018243162,0.056141656,-0.039822698,-0.019480668,-0.06627086,-0.06052278,-0.028977647,-0.01700931,-0.0030408474,0.05523333,0.00229801,-0.009664842,0.01094001,0.02053787,0.067854166,-0.031408437,-0.031017398,-0.04114318,0.019605441,0.0074466863,-0.012059249,0.06998924,-0.019555705,0.004226992,0.06117301,-0.045220405,0.05950019,-0.052890517,0.013395422,-0.038510706,-0.03151986,0.0056969426,0.06360532,-0.027667297,0.020128543,-0.0131818475,0.03794765,-0.03592334,0.04068632,0.010260019,0.009105552,0.031847544,0.020048834,0.03948652,0.038161162,0.0674046,-0.030651355,0.069371626,-0.011864928,-0.049733963,0.039991025,0.09119105,-0.009081796,-0.040454656,-0.023461543,0.054465722,-0.058149017,-0.03620368,-0.088802375,0.01944933,0.14472489,-0.028529553,0.03598319,-0.032136936,0.045876715,0.00336773,0.036633395,-0.025482256,-0.003751718,-0.08851396,-0.034643687,-0.059542216,0.0336763,0.0276726,-0.012433074,0.00049189164,0.076716125,0.058321696,0.029682865,-0.016049512,0.01653203,0.009128437,0.0071520847,-0.054613188,0.06062449,-0.006825297,-0.02052664,-0.02305532,0.02364125,-0.021361861,-0.020148331,0.07942551,0.0403889,0.04736754,-0.053572387,0.07405718,0.04473163,-0.036572404,0.039510407,-0.032874405,-0.024180075,0.0016192021,0.030698031,0.0007924592,0.025432985,0.14038491,-0.02989243,-0.013389382,-0.08990013,0.061117053,0.007984487,-0.038398005,0.039049696,-0.072183765,0.014103218,0.06303204,0.00077872473,0.050025415,-0.045427132,-0.017583344,-0.031601503,-0.008803379,0.074844226,0.06975833,-0.019019948,-0.04443393,-0.03508394,0.02912692,0.02160742,-0.07608225,-0.009780887,-0.044799376,0.06883773,-0.0605497,0.013016283,-0.048895177,0.055197068,-0.010631516,-0.055681787,0.07162986,0.029682687,-0.0094375145,-0.005117702,-0.057737246,-0.010916037,-0.023458859,0.0052041044,-0.039709512,0.035595093,-0.054847654,0.013102751,-0.026378639,0.011719664,-0.00008131779,0.00765459,-0.017514313,0.0022592538,-0.02461144,0.07794885,-0.019278249,0.090869814,-0.014623543,0.036188744,-0.0133026065,-0.07917855,0.0048112106,-0.05306582,0.0022133228,0.031341102,0.08257009,0.05149767,0.005741714,0.02530789,-0.0513799,0.011498618,-0.1033762,-0.06479273,0.08277296,-0.06632133,-0.019196283,-0.019135376,0.022360737,-0.036267128,0.024457514,0.020978887,-0.051315855,-0.012627418,0.0029184595,0.009849301,0.0427746,0.028803077,0.004163463,-0.001953595,0.034311038,0.04028438,0.006544642,0.045675468,0.04358874,0.032944236,0.011184618,-0.03451599,-0.02731267,-0.028118664,-0.01819699,0.042188756,0.0010708155,0.022407293,-0.04590736,0.067275405,0.024621956,-0.03849953,0.02909392,-0.019031025,-0.04317847,0.009774312,-0.000019977686,0.056302246,-0.0123721175,0.041520987,-0.01827366,-0.0064147287,0.025316315,-0.03702424,-0.017102554,-0.017183267,-0.0013501438,0.071520194,-0.012068869,-0.02409055,0.0236788,0.019155575,-0.0013336807,0.053883877,-0.09098771,-0.036000606,0.02943762,-0.0062874747,0.06594279,-0.01409338,-0.021224452,-0.04546024,-0.02842536,-0.017317994,0.03649669,-0.05117181,0.017573314,0.006674261,-0.03716041,-0.048131317,0.049435433,0.080417745,0.008182561,0.011892,-0.030258903,0.03160171,0.006409756,0.06591995,-0.03843462,-0.025003934,0.06584794,0.010993977,-0.03227496,0.03818494,0.026485523,-0.019331256,0.0045290203,-0.034106664,0.06355052,-0.00729285,-0.022355475,-0.05435034,0.043788075,-0.05390501,-0.023882026,0.04051776,0.115895465,-0.02392054,-0.0792151,0.02918344,-0.07481014,0.017504798,0.067862496,0.0075834985,-0.0029769512,-0.006240664,0.027868321,0.01950953,-0.09450378,-0.018670019,-0.02409683,-0.02893423,-0.06535932,-0.004370282,-0.06537684,-0.0138993235,-0.0509156,-0.007586149,0.033963922,-0.021442877,-0.05398065,-0.033153933,-0.046027165,0.07728546,0.034670737,-0.07787651,-0.07946082,-0.009413199,-0.021519084,-0.03737945,-0.019557405,0.064971,0.039890997,-0.060175106,0.036259867,-0.019291563,-0.06478321,-0.0056183427,-0.05013286,0.021252958,-0.0019925379,0.07875355,0.014438057,-0.025087707,-0.006165733,-0.0010108382,-0.0014498038,0.001428232,-0.00019959385,0.0124452235,-0.0032854981,-0.045961358,0.013878782,0.043207806,-0.061042134,0.016845394,-0.07723431,0.029855682,-0.007281241,-0.117858395,0.017688792,-0.058113333,0.049356844,-0.005701559,-0.11157295,-0.04348644,-0.063403256,0.04509876,-0.0013704034,0.0034449229,-0.024901047,-0.055018965,0.028636744,0.041851275,0.014158959,-0.050175812,0.010438489,0.075496204,-0.002257984,-0.0135404905,0.072572716,-0.026812028,0.06252436,0.08615344,0.010211288,-0.034308888,0.025173701,-0.06882949,0.032999735,0.018408429,-0.014877996,0.012608739,0.07279086,-0.022828307,-0.0390147,0.1025141,0.02341108,0.00999953,0.011705639,-0.049521565,-0.04840176,-0.0154684875,0.0045129764,-0.01845367,-0.02355543,-0.02080413,0.00254645,-0.035800736,0.047574423,-0.025367575,-0.029627955,0.08957286,-0.061917707,-0.0035140077,-0.0001922196,0.025609115,-0.021861449,-0.044845853,0.07768664,-0.009839877,-0.023857206,0.074909516,-0.01460008,-0.05374117,-0.01575798,-0.012869885,-0.10507016,-0.14687268,-0.02566458,0.05727027,0.0691166,-0.016132155,-0.034479894,-0.006436178,-0.01561321,-0.0006193015,0.021068739,-0.0012139886,-0.067459434,-0.004262756,-0.0788307,-0.04766211,-0.013962473,-0.065934055,0.044163484,0.095800236,-0.007648117,0.022113364,0.023218205,-0.04449611,0.011203845,0.050528124,0.0048378715,0.07913982,-0.012672054,0.009086456,0.10896268,0.024495061,0.06054229,-0.075863324,0.10598189,-0.031386323,-0.040257465,-0.03486882,-0.10859909,0.008926517,0.032524478,-0.006225175,-0.029826215,0.0020366018,-0.0032396207,0.033951025,0.02446958,0.020912465,-0.048205912,-0.026211701,0.032604467,0.027338792,-0.005564383,-0.050968364,-0.06712725,0.054266427,-0.017176965,-0.006008474,-0.051996835,0.048254035,0.0045601027,0.0373426,0.064155,0.02900092,-0.03930375,-0.013379183,0.033662397,-0.006417286,-0.06541366,-0.03848596,-0.005531836,-0.05790899,0.0096886195,0.00059853855,0.007339206,0.05234708,-0.054559294,0.005662019,0.013445872,-0.04255925,0.07453147,-0.013311796,0.054964334,0.012018533,-0.059519403,-0.0917212,-0.017347312,0.087189175,-0.02345178,0.014733357,-0.022899983,-0.013002512,0.031238662,-0.08636992,0.024630751,-0.06403598,-0.033376854],"light_features":[0.265,1.0,0.11773999,8.493291,2388.6794,0.0,0.089999996,0.21,1.0]}