{"version":1,"model_id":"clap_htsat_fused__sr48k__nfft1024__hop480__mel64__chunk10__repeatpad_v1","preprocess":false,"modified_ns":1766229330000000000,"file_len":143438,"embedding":[0.038313225,0.017132035,0.04242556,0.08545293,-0.019599983,0.003493002,-0.029047815,0.013886623,-0.04157701,-0.041797068,0.015302085,0.058279745,-0.052884024,-0.015308988,-0.053764414,-0.059444085,-0.030307924,-0.017877685,0.0042771045,0.05433833,0.01340575,0.0038546878,0.012425767,0.009603561,0.06783548,-0.023194151,-0.048051286,-0.047698084,0.022344653,0.0003248424,-0.010065032,0.07221127,-0.014348603,0.00050903566,0.06702541,-0.05316547,0.06407901,-0.05656167,0.01506191,-0.04873121,-0.03128887,0.005165535,0.061305802,-0.030786961,0.026789414,-0.020992704,0.035533447,-0.02950723,0.04433265,0.0144136,0.013629627,0.036096223,0.011618383,0.046437666,0.035883922,0.07159708,-0.034863364,0.07696023,-0.010094599,-0.05351541,0.037207566,0.08749765,-0.0020971927,-0.05503394,-0.02730666,0.048080977,-0.052587952,-0.038400058,-0.0778038,0.01624685,0.1414074,-0.03562581,0.029349223,-0.045939285,0.050602898,0.0020064912,0.046795607,-0.021032585,0.012094677,-0.08279704,-0.019809587,-0.050402462,0.040105626,0.040065873,-0.005249943,0.0056710136,0.07765929,0.047007523,0.01817412,-0.007884929,0.028652063,0.010104342,0.017487662,-0.053693276,0.06829948,-0.0050303577,-0.013128387,-0.029317511,0.022086265,-0.027115623,-0.015202819,0.08033552,0.03899585,0.052681282,-0.055834126,0.0771721,0.039809767,-0.027962487,0.042988993,-0.03523101,-0.019887604,-0.0005715914,0.035305507,-0.009913846,0.02830186,0.13468722,-0.032908104,-0.028471585,-0.083460055,0.068841465,0.016122298,-0.04600568,0.028900336,-0.068543926,0.009732544,0.05801785,0.0010902833,0.039021034,-0.032690015,-0.0153128365,-0.034101166,-0.01168378,0.077378355,0.071903355,-0.018089557,-0.040872257,-0.035934247,0.012200989,0.030770523,-0.07781476,-0.0060144933,-0.042546522,0.07514831,-0.06700044,0.0106508,-0.032597993,0.04964962,-0.019830734,-0.062128145,0.07924451,0.03881458,-0.012177259,-0.0019329726,-0.051992,-0.022576714,-0.025627153,0.006083324,-0.03769957,0.03631026,-0.04944641,0.0013511915,-0.015405136,0.026470084,-0.0033432425,0.015246702,-0.018708715,-0.01193198,-0.030539162,0.06072318,-0.029469233,0.085752256,-0.001985311,0.035589952,-0.02071576,-0.071548134,0.0129721435,-0.05465052,0.019285254,0.0332806,0.079491846,0.05535107,0.012195928,0.015828619,-0.056743268,0.0043944893,-0.09955482,-0.05809543,0.08038736,-0.06751481,-0.011179896,-0.015213369,0.0079177,-0.03135456,0.02565612,0.02394762,-0.05670258,-0.006846299,-0.002515307,0.0052019004,0.04975428,0.030124266,-0.0071647447,-0.007994685,0.02605479,0.041863427,0.0139155,0.040202845,0.057706248,0.043226134,0.018720174,-0.04128337,-0.024062485,-0.019004563,-0.023599016,0.040612105,0.0101461485,0.022405747,-0.052008156,0.06286132,0.023064688,-0.03739043,0.024645014,-0.029737473,-0.036706842,0.010100213,0.0049062828,0.06365772,-0.018757323,0.03340258,-0.016382359,-0.0072864215,0.022591168,-0.031797104,-0.022773162,-0.01190875,-0.0099847885,0.07202672,-0.0022744755,-0.02604317,0.020904627,0.027888754,-0.0053818636,0.05942932,-0.0904742,-0.039921787,0.024584651,-0.017421387,0.06494083,-0.01000326,-0.011989434,-0.04482125,-0.024068967,-0.018866306,0.039817967,-0.065127335,0.017440882,0.005157416,-0.046167158,-0.05516703,0.050745714,0.08549135,0.02423562,0.010986217,-0.04616877,0.044115424,-0.005819004,0.06054913,-0.038956504,-0.033103354,0.07486085,0.005822653,-0.03430919,0.0465782,0.036326043,-0.020968102,0.019107811,-0.03656627,0.054143038,-0.012874631,-0.021564197,-0.055388074,0.037662234,-0.049727987,-0.037206016,0.044754006,0.10148955,-0.011934553,-0.06458459,0.031062204,-0.0716333,0.010105409,0.06799595,0.013512447,-0.0065054107,0.0053924774,0.01957266,0.0143568935,-0.109491736,-0.025743788,-0.025415845,-0.0366289,-0.0553773,-0.00026970796,-0.06394147,-0.014418627,-0.045259833,-0.007446872,0.039336126,-0.02020139,-0.048505332,-0.027323378,-0.03874828,0.07352824,0.05400735,-0.076519035,-0.07150322,-0.007393512,-0.022033088,-0.024016619,-0.023930293,0.047437035,0.043081645,-0.061576065,0.020843312,-0.015999977,-0.06463276,-0.011763443,-0.05982901,0.011032806,0.0044986624,0.07673639,0.020088859,-0.02909642,-0.005304445,-0.013256478,-0.0056466195,0.002183246,-0.0028650644,0.010506961,-0.016117109,-0.046034742,0.023138994,0.03267287,-0.061521403,0.01697286,-0.07334143,0.027080312,-0.0061834897,-0.133764,0.019309714,-0.058629658,0.0445237,-0.0014271751,-0.110487886,-0.03611383,-0.06680111,0.04669072,0.0019096242,-0.010019848,-0.018179812,-0.052168515,0.02955811,0.04625942,0.008449949,-0.053022273,0.009133488,0.06558647,-0.008997826,-0.013207505,0.07216655,-0.02927123,0.060858276,0.08297772,0.011493115,-0.036224913,0.015618062,-0.06109498,0.038781404,0.0236295,-0.02095212,0.012853021,0.07440757,-0.0171998,-0.043064397,0.11010027,0.03738887,0.019510636,-0.0012828205,-0.05607584,-0.042248867,-0.0010350031,-0.00271113,-0.005586006,-0.031182718,-0.027347596,0.01584177,-0.038609996,0.04256485,-0.019233644,-0.034451474,0.09886695,-0.0629794,-0.0041882577,0.00085381087,0.035980653,-0.025049934,-0.038850203,0.07802363,-0.008713985,-0.01576949,0.06278172,-0.013655831,-0.051400162,-0.015655369,-0.014922103,-0.105265155,-0.15012367,-0.028365823,0.05451621,0.0603867,-0.02274196,-0.04093588,0.007731026,-0.02025079,-0.01694371,0.024753585,-0.002842587,-0.07300447,0.0023243271,-0.08338012,-0.03511954,-0.0070210965,-0.062602036,0.03226024,0.09060058,0.006406198,0.030970398,0.009141419,-0.047270037,0.018143918,0.04164311,0.013170362,0.06803722,-0.02012662,0.007522436,0.09561103,0.020043563,0.06239544,-0.07406431,0.10513188,-0.029864255,-0.036727075,-0.040111177,-0.10625954,-0.00847696,0.05106916,-0.011424146,-0.037366666,-0.005078287,0.011029397,0.010581737,0.02042021,0.022392826,-0.050860524,-0.024985244,0.02783234,0.02780768,0.0053121094,-0.04787502,-0.0724027,0.04687259,-0.017728513,-0.0011873448,-0.044063136,0.052932337,0.0052839033,0.039576884,0.06456489,0.020977292,-0.036713112,-0.016167348,0.030084325,-0.010447622,-0.059606086,-0.03992923,-0.0066908556,-0.06830424,0.0065508294,-0.0065578218,0.0118399225,0.067295,-0.0452296,0.010484344,0.014624195,-0.040863182,0.07633004,-0.014843338,0.04975988,0.005250144,-0.059859533,-0.0956786,-0.022069378,0.07819998,-0.012576784,0.011339626,-0.013064769,0.0069140093,0.032858126,-0.08836245,0.014381435,-0.06761621,-0.02843682],"light_features":[0.305,1.0,0.17122532,5.8402576,2377.049,0.01,0.13,0.21,1.0]}