{"version":1,"model_id":"clap_htsat_fused__sr48k__nfft1024__hop480__mel64__chunk10__repeatpad_v1","preprocess":false,"modified_ns":1766229598000000000,"file_len":22400,"embedding":[0.01341103,0.020179566,0.03540206,0.076430336,-0.040378757,-0.0073174685,-0.041440923,-0.016099447,-0.07080418,-0.049528785,0.026916955,0.034714274,-0.049467374,-0.008696321,-0.043861877,-0.041875187,-0.039291847,-0.039488737,0.0063576736,0.040199738,0.05326272,0.0051716967,0.010555314,0.021811211,0.09127463,-0.033842087,-0.027115582,-0.012178312,0.023771457,0.015971545,-0.051699117,0.08626863,-0.0042874534,0.0021647357,0.041769724,-0.063522734,0.04601874,-0.037563622,0.024624895,-0.06064491,-0.026234612,0.011825706,0.10185922,0.0013449491,0.026664067,-0.006986047,0.013123474,-0.0082618985,0.068234496,-0.003408021,0.01285203,-0.02245723,0.03346119,0.07895374,0.05752711,0.11596951,-0.02412395,0.06730816,-0.026755417,-0.027407315,0.04285942,0.11087813,-0.016850883,-0.06516588,-0.01887702,0.0677934,-0.06867585,-0.041547343,-0.055837385,0.001228094,0.105488464,-0.033961017,-0.0009551254,0.0019556005,0.004382158,-0.0012770384,0.04761106,-0.029137034,0.019847564,-0.090275474,-0.02590038,-0.08600912,0.042509325,-0.009514806,-0.025044888,0.006174415,0.066575155,0.081098706,0.014336687,-0.046201706,-0.011702158,0.020457165,0.00062151323,-0.058485445,0.06313897,-0.03243073,-0.030355364,-0.01308639,0.023393016,-0.011635989,-0.011967996,0.046639916,0.012533355,0.010534531,-0.061404873,0.05397395,0.016244518,-0.052392263,0.03732146,-0.026730161,-0.0037491438,-0.022461446,0.067574196,0.0030735282,0.029277686,0.13087417,-0.014050953,-0.002888408,-0.061124776,0.08340554,0.027501961,-0.04073414,0.05444694,-0.071923226,0.027074525,0.05685969,0.021587152,0.056605183,0.009049497,-0.05974537,-0.017561268,0.0021187533,0.07222247,0.05095413,-0.062082734,-0.018711602,-0.06308337,0.022835879,-0.00096300466,-0.07327787,0.00081382116,-0.03547978,0.076660715,-0.05067166,0.024416853,-0.054812536,0.050158784,-0.02746808,-0.066123575,0.10517956,0.03543482,-0.020618308,0.0018610157,-0.039731365,-0.008202953,-0.027575282,-0.0038084483,-0.045192663,0.05373248,-0.032852266,0.022259159,-0.047804732,0.007273304,-0.024927994,0.027043957,0.02364938,0.014985437,-0.018174049,0.06448441,-0.0404859,0.08967257,0.0071260524,0.020963619,-0.012160285,-0.07720858,-0.041444764,-0.0146488445,-0.008656821,-0.0152210565,0.08264583,0.05791039,-0.040197317,0.0012671758,-0.049968947,0.0076005734,-0.07602501,-0.061798345,0.11165827,-0.06900274,-0.0083778165,-0.035147827,0.019645903,-0.032278806,-0.00912925,0.03029974,-0.011617144,-0.013246994,0.008805788,0.026642732,0.053986866,0.046511374,0.009050545,0.04103266,0.01551461,0.0121818995,0.014392055,0.04685766,0.04042859,0.022419814,0.019013753,-0.037344392,-0.016116709,-0.027356649,-0.007303668,0.054199986,0.0063125785,-0.01970468,-0.011316604,0.0692131,0.036927346,-0.044679593,0.029638428,-0.019488078,-0.00487145,0.0009865306,0.0098176515,0.071379945,-0.034925815,0.052337334,-0.034812983,-0.0013138829,-0.012748976,-0.052515812,-0.0036216502,-0.030780181,0.015032457,0.035234258,0.017171158,0.029883292,0.02673506,0.038313493,0.017418869,0.050368227,-0.1124409,0.0059628207,0.07381436,-0.013595888,0.068188556,0.007815973,-0.009134521,-0.044826612,-0.0104814535,-0.0399869,0.03427088,-0.048626106,-0.0044307723,0.023821488,-0.05119388,-0.0056757224,0.054379076,0.055114206,0.0094235465,-0.014739387,0.012494688,0.028631676,0.021713149,0.054427303,-0.040852025,0.008134796,0.047744684,0.03147128,0.015259135,0.060299445,0.00789381,-0.004148832,-0.0056228475,-0.034229632,0.067173265,-0.002743028,-0.0028196762,-0.048439316,0.04796936,-0.041822024,-0.057337597,0.025372352,0.12046179,-0.03251113,-0.10345043,0.04973605,-0.1116526,0.027230045,0.044400107,0.005315122,-0.025671227,0.0044305017,0.03314028,-0.017175749,-0.09364891,-0.01369456,-0.010568257,-0.02642032,-0.04251033,-0.00007232556,-0.056211688,-0.009166569,-0.053878963,-0.0172272,0.024635186,-0.00020117765,-0.07822242,0.00044771135,-0.045278456,0.05731683,0.04635079,-0.07474354,-0.0719717,0.006389574,-0.004282279,-0.05037621,-0.017357815,0.030303095,0.027873747,-0.0691315,0.024693208,-0.037091885,-0.045234695,-0.014364681,-0.06461259,0.011402298,-0.02905457,0.08349691,0.024308335,-0.036103856,-0.023535084,-0.021305427,-0.044171404,-0.01660908,-0.002587132,-0.027768375,-0.032260988,-0.03568835,0.011083431,0.024719082,-0.05003389,0.030543273,-0.074204825,0.03761544,-0.026618749,-0.104249395,0.02186823,-0.040942762,0.04150979,-0.0030913998,-0.10709788,-0.040283434,-0.05081037,0.017246338,-0.0069211144,-0.007837972,-0.0064101373,-0.057294793,0.028999813,0.06528616,-0.016504612,-0.019527854,0.009798212,0.06292459,0.0045996984,-0.04844077,0.09263812,-0.043983303,0.056632143,0.07004263,0.0040238798,-0.044715814,0.043199774,-0.07164013,0.038061924,0.033204187,-0.028480794,0.00094167667,0.08371883,-0.007302442,-0.030736651,0.08094543,0.015501541,0.05165748,0.008222626,-0.074017495,-0.036652558,-0.035659295,0.0063433866,0.015919147,-0.044641223,-0.008950161,-0.00429382,-0.028635655,0.0194153,-0.03557794,-0.02377087,0.064331464,-0.05228741,-0.061741136,-0.012039794,0.05478891,-0.0036910484,-0.020935562,0.07113401,0.028023139,-0.027465854,0.044686347,-0.028111624,-0.06068128,-0.01991683,-0.01570306,-0.08245763,-0.08480046,-0.024195077,0.037946366,0.05308031,-0.013183448,-0.06670182,-0.010849762,-0.019237842,-0.03754493,0.07215838,0.04604785,-0.06672769,0.024316115,-0.053620897,-0.019502513,-0.049678724,-0.052292153,0.04916316,0.08418066,0.00954289,0.038804725,0.019133518,-0.06265265,0.022100275,0.071376,0.00351608,0.04916304,0.0018530451,-0.0049417727,0.076042406,0.011535435,0.03449345,-0.04489276,0.0675275,-0.008850518,-0.016865373,-0.03862506,-0.086716436,0.02095065,0.038034305,-0.021091562,-0.03772252,-0.00023464365,0.0027343484,0.035969693,0.021809174,0.017908953,-0.039384235,-0.041950125,0.029788047,-0.008149946,0.025441745,-0.03361187,-0.058760237,0.045228593,-0.02693574,0.014719773,-0.091820255,0.05216014,-0.002308225,0.026717748,0.049848437,0.016896226,-0.017847348,0.0018700878,0.017580817,-0.016472789,-0.06402625,-0.04215801,0.004716404,-0.06548488,0.028085193,-0.027808752,0.0031451527,0.029228892,-0.06493066,-0.0155795645,0.0063880268,-0.028428959,0.086705916,-0.0043288316,0.06875792,-0.018895196,-0.06482881,-0.103217125,-0.03291973,0.08948745,-0.002781731,0.022161879,0.011020737,-0.026489148,0.031152701,-0.06690064,0.020726308,-0.03845153,-0.04043866],"light_features":[0.1624375,1.0,0.35290182,2.8336494,2136.2063,0.02,0.11,0.14,1.0]}