{"version":1,"model_id":"clap_htsat_fused__sr48k__nfft1024__hop480__mel64__chunk10__repeatpad_v1","preprocess":false,"modified_ns":1766230044000000000,"file_len":34740,"embedding":[0.03770557,0.019113338,0.031013578,0.09499789,-0.015113013,0.024601482,-0.020532427,0.012810647,-0.039095372,-0.03974221,0.022951858,0.058023974,-0.03889822,-0.011892973,-0.062921755,-0.050287817,-0.027370173,-0.012066852,-0.0060839355,0.03889582,0.0031888725,-0.013653657,0.008389566,0.017558368,0.06122527,-0.025195971,-0.032769315,-0.03898733,0.021126917,-0.0043102023,-0.01041973,0.075175986,-0.016187228,0.0079237325,0.063471206,-0.055381313,0.06457269,-0.06520631,0.0070204563,-0.042484857,-0.026021628,0.0023941074,0.064192995,-0.02759666,0.011177485,-0.018751178,0.039515857,-0.027835825,0.042426996,0.010172471,0.017220387,0.049995817,0.01871524,0.04334166,0.04445358,0.07127366,-0.03284393,0.060185608,-0.016834216,-0.057400838,0.038121883,0.09698007,-0.0056011877,-0.04244306,-0.030994745,0.05138517,-0.054423224,-0.044521015,-0.089444585,0.008164003,0.141997,-0.029067917,0.035629712,-0.031872727,0.0492125,0.009293521,0.029932112,-0.0073592043,0.0019236126,-0.08701686,-0.026130602,-0.04928895,0.044913873,0.025000546,-0.011987361,0.009840939,0.07461678,0.053702515,0.02294755,-0.021789148,0.015185436,0.004238612,0.011498925,-0.04794585,0.05636527,-0.006251221,-0.02239325,-0.016069125,0.015304323,-0.026945496,-0.017669005,0.07288772,0.04371893,0.044770334,-0.050594475,0.07130584,0.0325917,-0.030215768,0.04711391,-0.03226623,-0.020437792,0.0020909165,0.03923957,-0.0060658595,0.037266925,0.13589548,-0.029216673,-0.01885778,-0.094640434,0.06797632,0.012115632,-0.04064152,0.026794897,-0.07489068,0.013028931,0.06520362,0.006080054,0.048674572,-0.045811385,-0.011278956,-0.021101022,-0.000034490266,0.06494711,0.08117543,-0.016013307,-0.042851448,-0.042869795,0.0154289715,0.018880034,-0.08866524,-0.0083233,-0.055779863,0.06631009,-0.054623935,0.02553376,-0.047913942,0.048749883,-0.01044345,-0.072161324,0.06885934,0.02948342,-0.0061689354,-0.0042775515,-0.039517455,-0.007882323,-0.023364007,0.0051985686,-0.045703024,0.03396759,-0.050651688,0.0056839343,-0.02273458,0.010826772,-0.01072184,0.0068974146,-0.019068237,-0.0055641336,-0.02839605,0.07540774,-0.014741043,0.08910703,-0.022306168,0.04992003,-0.021264223,-0.074607745,0.0066839703,-0.05187759,0.0036544027,0.03696089,0.08184629,0.053323213,0.015349683,0.028050018,-0.0494774,0.009948477,-0.10454216,-0.060241904,0.0857342,-0.0591557,-0.009841308,-0.030681197,0.026035754,-0.0351686,0.013158232,0.024850432,-0.04775027,-0.0070893453,-0.0017750955,0.016437951,0.035465255,0.022240123,0.009617462,-0.008416538,0.03278076,0.03638879,0.008606524,0.04785414,0.049208194,0.030409964,0.013094849,-0.04468626,-0.028799156,-0.03222417,-0.013119148,0.031297836,0.0018649874,0.015306569,-0.06173278,0.07620166,0.02056857,-0.03727238,0.028129112,-0.015012174,-0.038626976,0.021840671,-0.0032891636,0.062373895,-0.013923219,0.043631013,-0.026626417,-0.00754186,0.03346527,-0.032417055,-0.01790323,-0.013506638,0.003998613,0.05345697,-0.0021475565,-0.026472466,0.018541541,0.022865593,0.0023717345,0.054450527,-0.08837095,-0.039717115,0.03643905,-0.018915191,0.061655648,-0.011178946,-0.020283697,-0.046955373,-0.02256895,-0.01797988,0.022322522,-0.048516463,0.018023238,-0.0032451674,-0.03458073,-0.050717857,0.047236577,0.07351951,0.016153684,0.030024596,-0.022540292,0.031382896,0.0074302997,0.06388933,-0.03776545,-0.021897396,0.07172054,0.008828188,-0.03562525,0.040263396,0.026850658,-0.0097825965,0.0032456145,-0.03540013,0.063842624,-0.0126551315,-0.012837252,-0.059087366,0.04358026,-0.05086782,-0.018751904,0.039411593,0.1079834,-0.014292825,-0.07418108,0.027355397,-0.06918545,0.0087551065,0.073978856,0.01537458,0.011234932,-0.00093072304,0.02564762,0.0043977867,-0.09050823,-0.017190022,-0.02792836,-0.031611178,-0.063743435,0.0019123738,-0.06981299,-0.024308095,-0.043083254,-0.009050523,0.039145898,-0.0192169,-0.059532028,-0.027587341,-0.042906277,0.07863242,0.034389127,-0.06852083,-0.08433739,-0.019483663,-0.018563243,-0.02503779,-0.010765477,0.058837097,0.03930976,-0.05848968,0.033672653,-0.024619255,-0.07599256,-0.013976713,-0.057541806,0.017569017,0.0054341536,0.081408285,-0.0000051265492,-0.02954312,-0.00074265565,-0.005148729,-0.01107595,-0.0021429665,-0.015960092,0.0010006332,-0.0025998785,-0.042800087,0.019769613,0.04123523,-0.05631947,0.018410468,-0.081061706,0.021086223,-0.015876787,-0.11846831,0.019271638,-0.059901644,0.051091835,-0.00078542565,-0.11200736,-0.05473549,-0.066961825,0.046243995,-0.001266046,-0.0039635594,-0.022179712,-0.054140463,0.02768736,0.046098378,0.011177166,-0.047463953,0.015217117,0.07138053,-0.008445827,-0.0149651235,0.076402664,-0.01723738,0.0637793,0.089659646,0.014847326,-0.03740634,0.03238563,-0.06609354,0.029492224,0.022077646,-0.016514346,0.008851697,0.06919574,-0.023251241,-0.039476346,0.10503365,0.030166017,0.01527364,0.014693868,-0.058691904,-0.043635037,-0.00042918624,0.0022649025,-0.017247688,-0.019343914,-0.027627818,-0.0054327836,-0.038959753,0.055105165,-0.010307955,-0.02407261,0.09526774,-0.052740507,-0.0058268756,-0.0012302861,0.034253974,-0.019772787,-0.04288819,0.06697793,-0.0033737798,-0.028970763,0.06999334,-0.008786771,-0.05869809,-0.013062134,-0.014223503,-0.10131294,-0.14467344,-0.03095929,0.060344722,0.07547019,-0.0036875193,-0.031210072,0.008099452,-0.012534958,-0.006079348,0.0140077965,-0.0023746877,-0.06472659,-0.010323363,-0.08405594,-0.04538967,-0.015891597,-0.0629858,0.044591837,0.1069777,-0.0069535514,0.025243819,0.023271754,-0.040036857,0.0038228303,0.043389928,0.008164899,0.07393374,-0.016736347,0.0049973675,0.110967234,0.023574905,0.067712806,-0.06870224,0.108526625,-0.033752397,-0.055900253,-0.043180566,-0.10723682,0.0118247755,0.028843919,0.001897077,-0.025420628,0.00624035,0.0015370161,0.019710999,0.023990106,0.008707928,-0.05417544,-0.032090105,0.030496102,0.025166593,-0.00482539,-0.05231497,-0.067721486,0.049794823,-0.018273564,0.00036748537,-0.045767467,0.048248086,0.00437682,0.035982896,0.056878153,0.029794343,-0.048123363,-0.017963152,0.040800642,0.0010259228,-0.059342187,-0.03238797,-0.0051456275,-0.06396331,0.008233247,0.006062754,0.0042185327,0.06872078,-0.04984226,0.004746011,0.017238649,-0.027952138,0.06503674,-0.016344894,0.05876906,-0.0019862873,-0.06540996,-0.09911498,-0.01526412,0.08989428,-0.022382569,0.014135705,-0.015438956,0.0011070062,0.026242469,-0.09377027,0.011740777,-0.061754942,-0.033209562],"light_features":[0.105,1.0,0.15126267,6.6110163,10495.238,0.0,0.06,0.099999994,1.0]}