{"version":1,"model_id":"clap_htsat_fused__sr48k__nfft1024__hop480__mel64__chunk10__repeatpad_v1","preprocess":false,"modified_ns":1766231580000000000,"file_len":115934,"embedding":[0.027519548,0.024029795,0.048444305,0.08971579,-0.02005097,0.011122034,-0.026450802,0.014604467,-0.036228497,-0.050011486,0.018513316,0.06323436,-0.03318325,-0.028383132,-0.05779389,-0.057825938,-0.028508427,-0.016837304,-0.0010268169,0.04413269,0.0002446587,-0.0074139694,0.019191392,0.02151287,0.07980882,-0.023114052,-0.018662881,-0.048289448,0.019314434,0.0033547154,-0.011104259,0.06624994,-0.020314755,0.00027314067,0.072011344,-0.046718296,0.054284815,-0.054298546,0.013095536,-0.04110668,-0.01580776,0.0070639756,0.08106977,-0.028879838,0.023256112,-0.013081282,0.034012143,-0.02538637,0.045032255,0.0068972586,0.018556697,0.030477783,0.019231725,0.05961445,0.057952754,0.076673016,-0.038969737,0.0655269,-0.020509625,-0.0528316,0.03732856,0.0918397,-0.008097041,-0.040205397,-0.02964785,0.06045814,-0.051405776,-0.034576528,-0.07458356,0.018979885,0.1510906,-0.023498056,0.033994153,-0.024036437,0.052346703,0.0064063445,0.03587065,-0.019461665,0.00383831,-0.08229411,-0.021101775,-0.061239805,0.03403898,0.021456882,-0.016466562,0.0020054632,0.0732084,0.0693135,0.010192281,-0.03025582,0.0070876097,0.003070288,0.002182351,-0.051943485,0.06146162,-0.004736571,-0.025183765,-0.01349337,0.014154828,-0.019591581,-0.010716391,0.075821266,0.031506192,0.03252029,-0.03894893,0.069626436,0.04000423,-0.032067467,0.05310469,-0.039877117,-0.025491212,0.0007051466,0.03190626,-0.0011181948,0.025466168,0.12791102,-0.02934712,-0.026793905,-0.09382833,0.06795168,0.012695099,-0.046575215,0.03676537,-0.06600747,0.020637574,0.058031883,0.003420792,0.051261254,-0.043378208,-0.0220745,-0.017603617,-0.008460802,0.0856162,0.07678407,-0.024249587,-0.039548088,-0.033074044,0.023955846,0.02843781,-0.09551444,-0.011496488,-0.049013894,0.07121787,-0.07138533,0.014843411,-0.04241197,0.060091514,-0.019330736,-0.06726398,0.07216853,0.030971019,-0.0139476415,0.000033670793,-0.044882722,-0.021031234,-0.016121821,0.0017683374,-0.046894595,0.035091862,-0.049251653,0.014802136,-0.03419769,0.0070075626,-0.0015635996,0.013003895,-0.018212123,0.0006830768,-0.025330225,0.07476222,-0.020574395,0.084891245,-0.008772593,0.042027272,-0.015928175,-0.08190308,0.0030554112,-0.057189144,0.005897534,0.034242347,0.088487215,0.050141733,0.004781107,0.02821942,-0.044318542,0.003831498,-0.09865614,-0.06165845,0.0911475,-0.049573608,-0.021209545,-0.02658919,0.022911614,-0.031386063,0.017658064,0.03699256,-0.0330889,-0.011739633,0.00028013802,0.021458318,0.041315418,0.017193591,0.010399918,0.006304582,0.029956121,0.024479764,0.008556911,0.044953927,0.05846689,0.022545405,0.019751549,-0.037968222,-0.022045814,-0.012525479,-0.016802806,0.038680535,0.00905825,0.034053616,-0.05526364,0.07329394,0.021606887,-0.04677541,0.028308444,-0.022997577,-0.051358614,0.008223104,-0.00058211735,0.059640743,-0.012695326,0.05229121,-0.023554847,-0.0057654516,0.016294915,-0.028631454,-0.0125051765,-0.013703491,0.0074017774,0.068950914,-0.01638736,-0.020676894,0.01848681,0.025284367,0.012183921,0.06270378,-0.09099455,-0.016284132,0.026408674,-0.0051958705,0.060415953,-0.014154106,-0.026760943,-0.05426701,-0.015517424,-0.01872823,0.025176441,-0.047724213,0.016970824,0.005409281,-0.051978517,-0.05478898,0.059004314,0.07645221,0.014566712,0.012841733,-0.026981007,0.03109547,0.011139627,0.049899373,-0.035251416,-0.019491522,0.06930109,0.007545351,-0.032391213,0.05312909,0.024374926,-0.010239927,0.0010218591,-0.038219646,0.0650969,-0.007544943,-0.0077502225,-0.057614,0.03616513,-0.043727193,-0.021842072,0.0435976,0.11394742,-0.030699076,-0.06591246,0.029810697,-0.06823935,0.02496234,0.070297986,0.00505739,-0.006013056,-0.010134339,0.03347854,0.010359271,-0.09184981,-0.016210005,-0.012798554,-0.02752555,-0.06924711,0.005772832,-0.074397095,-0.019278053,-0.0454451,-0.01706303,0.03252676,-0.03244074,-0.059317134,-0.026752623,-0.03769737,0.076571874,0.035280164,-0.07672552,-0.08062336,-0.013832509,-0.029311212,-0.03796189,-0.02156443,0.05603908,0.039763402,-0.059772138,0.03415364,-0.027917704,-0.0669811,-0.013666481,-0.06463051,0.020478416,-0.0014773102,0.084119335,0.015784921,-0.025027571,-0.0036931862,-0.00021400323,-0.013185846,0.007134078,-0.010004299,-0.0002221511,-0.015064945,-0.050632782,0.01701519,0.041612443,-0.059154797,0.02036562,-0.07207559,0.028630577,-0.010518339,-0.12074897,0.017232921,-0.052368626,0.05821343,-0.007596199,-0.10715791,-0.044331588,-0.06442726,0.04120728,-0.0100913355,-0.0029700152,-0.024645565,-0.062337518,0.030910267,0.05900548,0.012839534,-0.05063054,0.007826927,0.07292822,0.001591705,-0.014480481,0.07517449,-0.03126207,0.061204307,0.08186437,0.0047867117,-0.044479795,0.019853804,-0.06494529,0.03543958,0.017980468,-0.0068637533,0.0022438753,0.06734063,-0.015116781,-0.036387417,0.09301464,0.026593398,0.014860603,0.0051075467,-0.053056013,-0.03706968,-0.003965607,0.0014888782,-0.01468833,-0.026706988,-0.024544397,0.007938019,-0.038689937,0.06463836,-0.02588487,-0.030946817,0.09024463,-0.060304962,-0.008432768,-0.004722351,0.027868439,-0.014239688,-0.047025293,0.068414345,0.0023566328,-0.026242185,0.06538355,-0.012060865,-0.05392239,-0.012056565,-0.0013794018,-0.09448767,-0.15842347,-0.018361585,0.050941445,0.07734265,-0.011662808,-0.028464386,-0.0039052593,-0.018393222,0.0027272184,0.02348714,0.0038937344,-0.060838595,-0.0034904,-0.076891206,-0.04312008,-0.0200178,-0.05639906,0.046278536,0.09205635,0.0017514599,0.022557817,0.031103818,-0.04752786,0.015269639,0.040889356,0.005812964,0.078920595,-0.017537382,0.010427897,0.10489785,0.028448924,0.048072353,-0.07369491,0.10478432,-0.034573674,-0.04151848,-0.037460785,-0.10403887,0.018716352,0.031253982,0.0015803331,-0.019569416,0.0110140825,-0.010711787,0.02469386,0.016595772,0.02069165,-0.050418966,-0.028039597,0.023395536,0.017438564,0.0033810667,-0.053743277,-0.07429141,0.041836232,-0.017718732,-0.007843595,-0.04755573,0.05140194,-0.002456667,0.045437105,0.05543644,0.026284492,-0.031052994,-0.019091118,0.042782843,-0.00734363,-0.06476986,-0.04539589,0.00617158,-0.057136387,0.02165028,-0.00012977823,0.0047125556,0.06113975,-0.054118358,0.0051203114,0.01183996,-0.039204273,0.07102636,-0.021893224,0.06357864,0.0114153875,-0.065629676,-0.095628336,-0.023058651,0.08289156,-0.013479222,0.014080866,-0.014550726,-0.011767562,0.036460716,-0.06760259,0.018386485,-0.06302281,-0.034171652],"light_features":[0.265,1.0,0.1700131,5.8819,5633.9624,0.02,0.14999999,0.22999999,1.0]}