{"version":1,"model_id":"clap_htsat_fused__sr48k__nfft1024__hop480__mel64__chunk10__repeatpad_v1","preprocess":false,"modified_ns":1766229320000000000,"file_len":76482,"embedding":[0.030067401,0.02291781,0.04973342,0.09602682,-0.025165388,0.009554855,-0.027132547,0.013665628,-0.038759597,-0.041124593,0.026160277,0.04662833,-0.038187042,-0.016176779,-0.06663855,-0.055948447,-0.02808216,-0.018175887,-0.0014680879,0.050980028,0.0027924164,-0.007965803,0.00518141,0.017189821,0.072111286,-0.03321885,-0.03597286,-0.046094954,0.019474793,-0.003742425,-0.019054836,0.06732686,-0.016370498,0.0036627778,0.06499651,-0.04472616,0.055831127,-0.051375233,0.015961291,-0.03697657,-0.030726792,0.0028119052,0.07380445,-0.027293436,0.015491541,-0.016009545,0.03766019,-0.035682824,0.03975099,0.012599691,0.016752157,0.024130605,0.023738455,0.045034904,0.040762495,0.06843487,-0.03329082,0.07328923,-0.0086133955,-0.04971621,0.042730447,0.09343143,-0.005864996,-0.040075067,-0.025548995,0.062335078,-0.057714492,-0.031819265,-0.090804674,0.014371044,0.15037505,-0.032382272,0.036639072,-0.03396708,0.04811075,0.010994214,0.034597233,-0.027170738,0.003953005,-0.08832449,-0.025511958,-0.06137805,0.037579924,0.02927065,-0.013033924,0.005649719,0.072364226,0.05889242,0.021686241,-0.019233124,0.012471799,0.014086123,0.007609272,-0.04782352,0.057205085,0.0018401379,-0.01857863,-0.019860888,0.024280539,-0.013473431,-0.020779205,0.07973705,0.03944495,0.040812038,-0.049864758,0.07207889,0.048670094,-0.03824481,0.04147166,-0.03707811,-0.017040962,-0.00047576486,0.02903997,0.0004082312,0.026746005,0.14297809,-0.026524868,-0.0163215,-0.09368565,0.060745932,0.007985475,-0.042089205,0.03878854,-0.07273205,0.0122086955,0.064562105,0.005266361,0.04888627,-0.04654355,-0.022754699,-0.027287196,-0.006548374,0.07734165,0.07026623,-0.023641784,-0.042079862,-0.035690922,0.024976756,0.026381051,-0.08339883,-0.0065252455,-0.044815313,0.07385631,-0.063397355,0.019316096,-0.05035369,0.058172673,-0.00077604264,-0.05113132,0.0734488,0.03366873,-0.0009421947,-0.007758167,-0.054453198,-0.0072358563,-0.019758888,0.005641538,-0.042756762,0.03737652,-0.05153345,0.016395558,-0.037459444,0.013189971,0.00021604197,0.012673352,-0.01628434,0.0005020356,-0.029276773,0.08277905,-0.019313706,0.085081846,-0.013389598,0.032015406,-0.016817851,-0.08104285,0.0071834507,-0.048952963,0.0053534256,0.035215873,0.07977614,0.058843773,0.0071105454,0.02317535,-0.047941588,0.008912588,-0.102359384,-0.06215563,0.08020553,-0.06358538,-0.01919453,-0.02205875,0.017880525,-0.034899384,0.02767319,0.032741413,-0.042307388,-0.011982823,0.008249275,0.016922813,0.046696432,0.03072712,0.0043171463,0.0046665776,0.030590603,0.034463882,0.007185512,0.040149603,0.046256308,0.030209394,0.015542193,-0.039013457,-0.026592745,-0.024652787,-0.01236089,0.04239794,0.00455577,0.01925601,-0.041745123,0.0701131,0.027667666,-0.04428969,0.030273736,-0.020164285,-0.039708532,0.0103767095,-0.0023543963,0.056922093,-0.0029381227,0.047094062,-0.024275975,-0.0110384775,0.019137306,-0.038523927,-0.013034224,-0.017774152,-0.0011742776,0.07182175,-0.011622331,-0.020986455,0.026666244,0.021556094,0.0036303631,0.049645085,-0.09539513,-0.027808527,0.02724321,-0.00019237153,0.06741389,-0.011128985,-0.019769767,-0.042165585,-0.036455218,-0.01376374,0.032100733,-0.043430574,0.016742613,0.0056709894,-0.04138431,-0.04664131,0.054699365,0.08183634,0.00830533,0.011446562,-0.030329958,0.03211357,0.005529578,0.055025965,-0.03411917,-0.0198236,0.06194896,0.006886823,-0.025237588,0.050992128,0.024298696,-0.0151865985,0.0033125086,-0.033163697,0.06645601,-0.009111555,-0.012919857,-0.0523699,0.04414005,-0.05373413,-0.023845473,0.04390794,0.11393552,-0.022924002,-0.08051994,0.030070817,-0.07030488,0.01936517,0.06570545,0.0051741893,-0.006184308,-0.008805087,0.024394576,0.017309519,-0.097930826,-0.017561318,-0.018855289,-0.033039354,-0.06742718,0.0042030984,-0.07093958,-0.014192466,-0.057156976,-0.015884425,0.029387716,-0.022345217,-0.058136426,-0.03439004,-0.04096406,0.085122235,0.029652555,-0.07790197,-0.08194271,-0.011809949,-0.023260808,-0.039670825,-0.01843076,0.061538585,0.040959068,-0.060011987,0.029869704,-0.02196776,-0.05909712,-0.004089802,-0.05351444,0.01986278,-0.0035591272,0.08395157,0.014559978,-0.023248216,-0.009534367,-0.0017633889,-0.0046046,-0.0024604134,0.001432356,0.010624716,-0.004428071,-0.04533469,0.017585497,0.040429324,-0.0600379,0.016903426,-0.084365524,0.024695218,-0.012940069,-0.12324651,0.017250972,-0.04929764,0.048977822,-0.0017510954,-0.11040889,-0.04196813,-0.0629779,0.04228165,-0.00817699,0.0039576855,-0.023464717,-0.05445874,0.031313267,0.044438835,0.014118233,-0.04702474,0.008427503,0.07539635,-0.000718316,-0.012767302,0.0719258,-0.033603005,0.057007786,0.089537285,0.0078774635,-0.032649,0.021440718,-0.06800245,0.038725674,0.012196578,-0.010725784,0.014561617,0.076471515,-0.017719692,-0.033410233,0.10079722,0.026433516,0.016783828,0.010495482,-0.05696014,-0.04413347,-0.015886525,0.0023556056,-0.023263628,-0.018649794,-0.02295728,0.010036349,-0.041804973,0.055533256,-0.022740314,-0.029818684,0.08925978,-0.059293963,-0.007993646,-0.001557491,0.026612759,-0.017552786,-0.04774262,0.0741657,-0.0046310853,-0.025851661,0.078460194,-0.01281707,-0.056452874,-0.016775195,-0.009538223,-0.1047138,-0.14909776,-0.020737667,0.05671384,0.0681426,-0.014539146,-0.035760626,-0.008381633,-0.013813595,-0.0006086885,0.021388242,0.0011662467,-0.066786826,0.0015991397,-0.07627918,-0.044249717,-0.02010147,-0.06703713,0.0466349,0.08630767,-0.010622218,0.021254404,0.025562687,-0.045676194,0.017762773,0.052424937,0.008725923,0.07261755,-0.015075586,0.009212645,0.111471966,0.02651809,0.05283357,-0.07359806,0.0994739,-0.03191676,-0.04109035,-0.033991836,-0.09791863,0.0076979017,0.029739443,-0.010489866,-0.032218352,0.0029143,-0.005409271,0.03149897,0.021648137,0.020183727,-0.047508553,-0.025633136,0.03155874,0.019077223,-0.004072241,-0.048888173,-0.0669757,0.043478593,-0.014098479,-0.0033182886,-0.05619107,0.051854774,0.000918254,0.037866898,0.06003507,0.031047162,-0.032402337,-0.01116754,0.036962893,-0.0037863387,-0.065255284,-0.040995035,-0.0018821952,-0.055021916,0.015615098,-0.0012181436,0.00808288,0.052608434,-0.05263559,-0.0019313884,0.014068022,-0.046228465,0.073182,-0.010697787,0.059792154,0.0035792699,-0.06960549,-0.08966186,-0.02125195,0.07705409,-0.020220648,0.016634138,-0.015311874,-0.0104233585,0.031540576,-0.08072686,0.013429593,-0.064284824,-0.03754937],"light_features":[0.242625,1.0,0.14564131,6.8661838,4884.0806,0.01,0.14999999,0.22999999,1.0]}