{"version":1,"model_id":"clap_htsat_fused__sr48k__nfft1024__hop480__mel64__chunk10__repeatpad_v1","preprocess":false,"modified_ns":1766229328000000000,"file_len":36920,"embedding":[0.012015044,0.037389684,0.060687844,0.09737948,-0.03672557,0.00544353,0.0016260217,-0.014410845,-0.039836816,-0.04212938,0.03181854,0.033099234,-0.03529676,-0.006843326,-0.06549406,-0.05063812,-0.04127078,-0.032285344,0.017148037,0.055547994,0.044757415,-0.013993305,-0.0014594097,0.037642214,0.075186364,-0.04225921,-0.017776307,-0.03604593,0.03579685,0.0036683725,-0.05360399,0.06401161,-0.019081445,-0.007887444,0.05062679,-0.061920997,0.035420977,-0.05568575,0.016255785,-0.042780835,-0.026495844,0.0101432325,0.10202431,-0.018943673,0.0055637364,0.02268956,0.037041526,-0.03652704,0.055165213,0.024319474,0.011221486,-0.011416457,0.031840358,0.075335905,0.04364845,0.089374065,-0.017291887,0.0773212,-0.012285959,-0.021328801,0.03563086,0.09927721,-0.023717586,-0.025588173,-0.02860297,0.07168916,-0.07256301,-0.020255005,-0.07455428,-0.008855119,0.12621084,-0.035937503,0.03670893,-0.022176312,0.0067686946,-0.0023886792,0.043227762,-0.026889699,0.011561683,-0.10423262,-0.03653719,-0.06309289,0.02107676,0.0036928074,-0.042072736,-0.011753238,0.06183184,0.065611236,0.033819135,0.0028915645,-0.0022347555,0.029763212,-0.0132645555,-0.06583687,0.05457463,-0.025408806,-0.03489495,-0.027005091,0.032170754,0.0014982382,-0.028502576,0.06908031,0.03345859,-0.00089292915,-0.06984492,0.07751974,0.034618553,-0.07821648,0.03355425,-0.04321096,-0.015153172,-0.008420958,0.053330928,0.002465943,0.024344496,0.1450488,-0.028493911,-0.005854917,-0.08845238,0.073358424,-0.00059474894,-0.043761626,0.02783242,-0.08868077,0.019799544,0.061035875,0.0085407365,0.05399594,-0.040132917,-0.041874867,-0.04040714,0.00011404268,0.067460984,0.04779043,-0.041683134,-0.032075256,-0.05830862,0.039981533,0.017558645,-0.055443786,-0.030791966,-0.049594227,0.0913454,-0.04236519,0.025427485,-0.067277566,0.055748098,0.00771582,-0.023240415,0.07634043,0.010717665,-0.019491207,0.023022221,-0.067689575,0.019701743,-0.032938402,0.015294573,-0.050661895,0.048343796,-0.020959612,0.037560795,-0.03182674,0.035092734,-0.008424948,0.024256533,0.008048616,0.006946653,-0.015848687,0.07257483,-0.037915066,0.09689551,-0.007748946,0.033323366,-0.0034075663,-0.0469706,-0.024687814,-0.028646443,-0.0011594886,0.016107226,0.090901464,0.0528224,-0.025779149,0.009570395,-0.05979701,0.014529312,-0.084151655,-0.05208872,0.07789385,-0.06823927,-0.01614589,-0.016035695,0.030599153,-0.033251,0.031949546,0.02764677,-0.033256706,-0.03187519,0.02786681,0.007276743,0.043572966,0.054185744,0.011367784,0.02694913,0.020720376,0.021456668,-0.0016980704,0.04278736,0.01372775,0.036163516,0.022795644,-0.053738818,-0.034228764,-0.045472696,0.00089008285,0.058033217,-0.029561942,0.0028280863,-0.01260302,0.070038304,0.030811012,-0.060651015,0.014798975,-0.014940036,-0.021301275,0.0055197394,0.0055723153,0.06675824,-0.01445062,0.041889213,-0.02144535,-0.006251943,0.010743082,-0.051722135,0.0037746655,-0.04431041,0.0069924076,0.06865649,0.004182797,0.028503928,0.03272288,0.027765466,0.0016699579,0.050598953,-0.11977492,-0.008529815,0.061521165,0.010407971,0.06635686,-0.013056831,-0.015062507,-0.024842737,-0.026952676,-0.039911155,0.042283338,-0.020956924,0.010106173,0.031535804,-0.030268213,-0.0037389863,0.02954402,0.08401846,0.010805668,0.010585988,0.008679666,0.033668697,0.0073832865,0.051371153,-0.03043231,-0.011810581,0.060105477,0.02102866,0.0019506144,0.041172277,0.0057047303,-0.030668307,0.012764357,-0.030131483,0.057701986,-0.0124081625,-0.024520362,-0.04418061,0.052347336,-0.044068526,-0.05201931,0.03156985,0.1260451,-0.035615053,-0.11295125,0.03852268,-0.08695268,0.027085949,0.07473746,0.0065663503,-0.019710092,-0.0069699883,0.011663306,0.0031018166,-0.10012112,-0.009800866,-0.024107924,-0.013399292,-0.055215694,-0.010104856,-0.07436513,-0.0060315463,-0.07809139,-0.006670608,0.03323254,0.0044591334,-0.07276598,-0.029124323,-0.047132,0.06896961,0.029763719,-0.067052044,-0.058036864,-0.0107672885,-0.029486205,-0.050571974,-0.016865142,0.049909454,0.032577425,-0.07615143,0.05117407,-0.017499922,-0.053265832,0.0104709,-0.03738041,0.010257114,-0.019728106,0.08431072,0.023341374,-0.027523391,-0.022313392,0.0016891413,-0.0031037186,0.004913593,0.013220837,-0.017595105,-0.012015914,-0.034273192,0.01210724,0.045936372,-0.06310351,0.017429516,-0.07556495,0.02079087,-0.029169722,-0.113596626,0.019113775,-0.043858334,0.03518782,0.020476086,-0.11321972,-0.02660743,-0.070259675,0.032492768,0.017757291,0.015035436,-0.017254274,-0.058387347,0.055492215,0.042257305,-0.006228615,-0.027613213,-0.0021580758,0.07096531,0.01662696,-0.025096774,0.073128946,-0.042792875,0.05624212,0.09237298,-0.0050037466,-0.03712664,0.04162683,-0.0569318,0.041850463,0.0004983963,0.0028025343,0.026727684,0.06674084,-0.018750554,-0.029390657,0.07874986,0.014004349,0.043410756,0.023806365,-0.051269222,-0.042309456,-0.04725723,-0.007386312,-0.006375707,-0.03756273,-0.008434255,0.0020715075,-0.03842379,0.039438773,-0.042917624,-0.032520797,0.061527867,-0.064313784,-0.031607952,0.0005596514,0.013746245,-0.018376127,-0.050509192,0.060143065,0.019471124,-0.020817323,0.08055873,-0.030659815,-0.06297664,-0.029745547,-0.00874725,-0.08893425,-0.09494817,-0.019406255,0.06782696,0.05093159,-0.014830403,-0.058179308,-0.032075033,-0.011498256,0.0049008243,0.03911381,0.0018507012,-0.049059253,0.0008673359,-0.07055138,-0.033539824,-0.03281113,-0.04902182,0.03298074,0.07373847,-0.01679592,0.021418646,0.02353881,-0.049729485,-0.009070385,0.049898773,0.00057912915,0.047538653,0.009177388,0.012716398,0.10160466,0.014891901,0.047526855,-0.03663411,0.073897265,-0.024654223,-0.027288781,-0.05121057,-0.077442065,0.015346504,0.018156864,-0.029755358,-0.0082918,0.0026324897,-0.027429067,0.04535463,0.037728127,0.041698433,-0.02850469,-0.0085193785,0.05012643,0.0046274923,-0.03225211,-0.024416791,-0.058846,0.059152782,-0.010368144,0.023227392,-0.0853321,0.047444057,-0.017123139,0.028356234,0.05288151,0.020956086,-0.026090799,0.0035137588,0.027479444,0.016545935,-0.0640172,-0.04544865,0.012281206,-0.045897562,0.0010337613,-0.017171679,-0.0015222601,0.01832212,-0.072172396,-0.014623683,0.013071732,-0.041534413,0.07184209,-0.017207235,0.05231051,0.0036108228,-0.0661958,-0.07630367,-0.014837545,0.071817786,-0.024152556,0.025530173,-0.015229787,-0.05260454,0.035624884,-0.07894206,0.025761962,-0.050124656,-0.06375691],"light_features":[0.139375,0.99999994,0.24311772,4.1132336,4003.5874,0.02,0.08,0.11,1.0]}