{"version":1,"model_id":"clap_htsat_fused__sr48k__nfft1024__hop480__mel64__chunk10__repeatpad_v1","preprocess":false,"modified_ns":1766231258000000000,"file_len":115928,"embedding":[0.040197928,0.022560243,0.045662023,0.090288006,-0.03446293,-0.0012998356,-0.0073884795,0.014967983,-0.044237647,-0.054052323,0.032598402,0.04645449,-0.03089667,-0.023636065,-0.06337584,-0.06308079,-0.014863428,-0.025508478,-0.0056558144,0.04186476,0.015395684,-0.0001912754,-0.000869011,0.01923711,0.08534617,-0.01864628,-0.028958261,-0.0365175,0.034287997,-0.013447388,-0.013887984,0.058793165,-0.0141511215,-0.01492789,0.068173766,-0.041105404,0.043818746,-0.055667263,0.007113738,-0.04546485,-0.01945672,-0.0028317156,0.09509106,-0.026933238,0.008834462,-0.0185572,0.036090955,-0.02583488,0.04661527,0.010293886,0.022327373,0.0053448295,0.022264842,0.056020524,0.060604725,0.07283463,-0.03517037,0.048560105,-0.014105534,-0.041214805,0.030180957,0.08585886,-0.009275842,-0.029648177,-0.03523459,0.06417064,-0.06575091,-0.027687619,-0.08035421,0.012159699,0.15377407,-0.020883832,0.03796182,-0.03891207,0.039957106,0.019710843,0.025662886,-0.044452116,-0.002240495,-0.085348435,-0.018714417,-0.06289461,0.033481672,0.020578332,-0.018851852,-0.0071751294,0.062303998,0.06915853,0.016640568,-0.021479603,0.0075429566,0.015086595,0.008034407,-0.026976835,0.04521704,0.00012595483,-0.02582437,-0.019451404,-0.0029246532,-0.010696299,-0.008758946,0.07681957,0.019653765,0.031302027,-0.05205724,0.05707824,0.044605754,-0.03795075,0.052783202,-0.04468658,-0.014190964,-0.003008839,0.04297973,-0.0027371442,0.0060300506,0.12324957,-0.017982198,-0.021623738,-0.087405555,0.079895556,0.009617904,-0.04985041,0.039005775,-0.06864352,0.00315108,0.070568785,0.016850447,0.046674024,-0.04667697,-0.033089694,-0.01895229,-0.021003187,0.08103742,0.07162615,-0.018217716,-0.038896777,-0.01186054,0.020707738,0.053212155,-0.09847744,-0.008896137,-0.059109278,0.071290106,-0.064299606,0.028448647,-0.055408582,0.059681844,-0.0015715943,-0.039024945,0.075908944,0.04791349,-0.006867141,0.009990245,-0.04467116,-0.018073771,-0.013187691,0.0009840796,-0.054199383,0.028508907,-0.058634374,0.027489575,-0.03706494,0.030225538,0.016922506,0.017427512,-0.00015301617,0.0020003875,-0.016214464,0.07748153,-0.023046676,0.08836474,-0.00804151,0.029293045,-0.010678933,-0.08375671,0.0012714366,-0.04963862,0.013187173,0.04084499,0.09019681,0.051130723,0.007320725,0.02208387,-0.04507488,0.012663261,-0.105614856,-0.036260866,0.080969185,-0.055697493,-0.018768415,-0.029398212,0.033612523,-0.01580478,0.009992092,0.035202917,-0.04110131,-0.00921708,0.012639106,0.034082264,0.050982006,0.03857243,0.0040057823,0.0042739697,0.03459029,0.024516474,-0.003687876,0.041119784,0.040252686,0.026005242,0.020287683,-0.047754645,-0.0366247,-0.031996246,0.003937903,0.057700522,-0.009369244,0.030905513,-0.04082503,0.07818512,0.023972875,-0.047727473,0.037217904,-0.017594233,-0.03695984,-0.0017678313,-0.0005612871,0.05748969,-0.009045378,0.05042752,-0.049726263,-0.008849177,0.01649127,-0.029837301,0.0004381337,-0.033017814,-0.0005368086,0.061299704,-0.024475683,-0.00013841534,0.02788343,0.02319281,0.012922316,0.05164468,-0.08296485,-0.017385326,0.03709129,-0.008798846,0.07153851,-0.016104393,-0.028097607,-0.0433329,-0.024820516,-0.035169013,0.04078067,-0.02253858,-0.0016328797,0.0031403846,-0.047473107,-0.050608598,0.054353613,0.06781977,-0.012824031,0.032787632,-0.022892805,0.028017852,0.015470202,0.05022894,-0.04760597,-0.011722619,0.06910538,0.029455632,-0.036797445,0.061124425,0.030424448,0.0029262698,0.0048486353,-0.055043954,0.07943558,-0.020400057,-0.010852662,-0.069796406,0.04218225,-0.058926176,-0.021654917,0.05747652,0.11486452,-0.020039363,-0.084842116,0.026431635,-0.074021354,0.03826662,0.06759276,0.011858607,-0.002845357,-0.021670805,0.03965548,-0.0005758258,-0.08457733,-0.023237672,-0.0025459118,-0.018084688,-0.0538376,-0.00022421702,-0.06303551,-0.025744231,-0.032987747,-0.008056931,0.042686857,-0.0126936585,-0.060227633,-0.027584929,-0.026750855,0.07264539,0.030699061,-0.08458003,-0.076481394,-0.020352472,-0.038990267,-0.034797855,0.0073756548,0.050642233,0.04279925,-0.07203483,0.028998844,-0.01850238,-0.062517755,-0.028236158,-0.061983828,0.0018466281,-0.00091037975,0.08342405,0.010872403,-0.012381689,-0.008564666,-0.00787074,-0.014529943,-0.0063443314,-0.009342422,-0.0018491637,-0.016646866,-0.04720017,0.032571416,0.04515447,-0.06656712,0.0056784544,-0.076771274,0.020472549,-0.017598167,-0.10915712,0.015600846,-0.045216978,0.04830958,0.006266421,-0.09388448,-0.038214646,-0.07239858,0.027938755,-0.011700542,0.028176375,-0.011047886,-0.0526991,0.01967449,0.039573073,0.016811803,-0.031587057,0.014928934,0.07852098,0.0010257906,-0.00074233813,0.05906012,-0.054924734,0.05544555,0.07935421,0.010166049,-0.056915425,0.03128238,-0.04567701,0.036559604,0.033631403,-0.011206569,0.01724701,0.077394985,-0.024956666,-0.026169615,0.08444354,0.02347878,0.017933529,0.010397073,-0.05705544,-0.02569127,-0.0025010428,0.013072959,-0.0032023503,-0.034402896,-0.014280487,0.00571869,-0.03676661,0.05624083,-0.014701814,-0.032375067,0.09049436,-0.072184145,-0.021560766,-0.025876392,0.038233664,-0.0072159064,-0.04176832,0.0582741,-0.0025351066,-0.022565069,0.064114675,0.002878109,-0.0482034,-0.013634074,-0.0158995,-0.09461219,-0.15536267,-0.026464218,0.06877019,0.07638593,-0.018323172,-0.030321477,0.0022571827,-0.01598001,0.0044430923,0.026246423,0.013012961,-0.06132625,-0.008368357,-0.073290735,-0.046594463,-0.029255588,-0.05521655,0.058009855,0.09177576,0.0065074754,0.006166315,0.028468918,-0.054261863,0.00021473355,0.050488073,-0.0051007406,0.081770115,-0.017658656,0.0044460995,0.11543892,0.020039935,0.039694905,-0.06572291,0.10642371,-0.034478117,-0.041025154,-0.043572463,-0.093232594,0.019037109,0.028822836,-0.006333938,-0.036408003,0.019220775,-0.009361266,0.025238942,0.013938978,0.028586576,-0.05492262,-0.02655434,0.024536716,0.015128784,0.000701665,-0.03612475,-0.07261483,0.034698617,-0.01740231,-0.009013949,-0.05869825,0.05334599,-0.00033360286,0.04164503,0.05599191,0.027873486,-0.017833885,-0.018191868,0.054206297,-0.0017876397,-0.064288504,-0.059794143,-0.009468298,-0.0550774,0.015426961,-0.010804392,0.000046648787,0.059409145,-0.04422643,-0.009621546,0.011912354,-0.031882804,0.074901685,-0.020523591,0.070664205,0.004747865,-0.05762363,-0.103634015,-0.03141696,0.07293244,-0.00772021,0.02153158,-0.007040743,0.0044352836,0.034715634,-0.067900464,0.019898236,-0.045193974,-0.034418575],"light_features":[0.245,1.0,0.22013998,4.5425644,2857.1428,0.02,0.089999996,0.17999999,1.0]}