{"version":1,"model_id":"clap_htsat_fused__sr48k__nfft1024__hop480__mel64__chunk10__repeatpad_v1","preprocess":false,"modified_ns":1766230680000000000,"file_len":236594,"embedding":[0.022771828,0.014661417,0.043512277,0.08856542,-0.024248155,0.008464396,-0.020248543,0.0050536343,-0.038715445,-0.04737534,0.019005893,0.053417116,-0.042370576,-0.027892409,-0.05686947,-0.055311777,-0.036859993,-0.020871935,-0.0042986334,0.053285763,0.0015477687,-0.006016551,0.011036477,0.012576554,0.07788876,-0.031445485,-0.036946643,-0.05195188,0.014389802,-0.009421586,-0.017290791,0.06327379,-0.029661395,-0.0034090355,0.06897724,-0.033897758,0.059313044,-0.052323442,0.02601872,-0.032263268,-0.039761666,-0.0051049227,0.07082242,-0.02591851,0.0085683,-0.011325754,0.03935615,-0.04419914,0.036675844,0.010330979,0.012983922,0.021243317,0.029451793,0.04780845,0.047901314,0.06682414,-0.03590768,0.072902,-0.0062267734,-0.051975586,0.03884878,0.09587728,-0.0065266276,-0.042450115,-0.02384696,0.047624875,-0.057786584,-0.030386247,-0.08584865,0.014160612,0.14402564,-0.034052607,0.040750645,-0.035986587,0.039797902,0.010921738,0.041383155,-0.03003959,0.011792287,-0.094094284,-0.028949529,-0.048233308,0.028067144,0.02679339,-0.011770295,0.0006929999,0.07078517,0.04729243,0.026414862,-0.014362103,0.021648549,0.014316472,0.017348558,-0.055401552,0.0686013,-0.000807963,-0.011847725,-0.022183709,0.01559595,-0.002763756,-0.019269858,0.0746712,0.029480785,0.03959678,-0.04855502,0.06631316,0.039096836,-0.043449674,0.04677247,-0.033778448,-0.018742459,-0.0040372973,0.027808456,-0.0021090696,0.02187109,0.13628277,-0.023095706,-0.021574087,-0.10056011,0.06639469,0.011546124,-0.04789638,0.030729095,-0.0755004,0.0071777827,0.058374245,0.0024087124,0.054187324,-0.051915832,-0.0171316,-0.02081158,-0.014782925,0.07688456,0.062254738,-0.023700794,-0.047092002,-0.0397166,0.021702167,0.02757274,-0.085361905,-0.006570889,-0.046320956,0.06989994,-0.06484221,0.011880919,-0.04555456,0.055304114,-0.0035774715,-0.053261306,0.07007078,0.02742309,-0.004611116,-0.0017167425,-0.048600085,-0.016297815,-0.02043916,0.0069343178,-0.04921066,0.03666036,-0.053318854,0.011306766,-0.028845854,0.02528328,0.0004789256,0.013118223,-0.0116892345,-0.0027451392,-0.02502041,0.07221923,-0.0194206,0.0953448,-0.015195209,0.03809818,-0.01890762,-0.06891174,0.003244588,-0.055975474,0.0042959955,0.033636507,0.089516,0.05761883,0.0072374935,0.030840548,-0.04694162,0.005686171,-0.0985951,-0.06156215,0.08134728,-0.05881187,-0.0068864007,-0.014863352,0.022305984,-0.03945332,0.02161975,0.042978045,-0.050615564,-0.02342949,-0.0012372782,0.01885733,0.05276558,0.023280978,0.013082838,0.0028066311,0.037181374,0.032417,-0.004237581,0.041016333,0.04458794,0.033965737,0.018956017,-0.040217046,-0.03107732,-0.027883528,-0.010255765,0.04491322,0.002506745,0.034943078,-0.03974564,0.07108628,0.024718994,-0.044946883,0.02940755,-0.014647711,-0.03559781,0.018401217,-0.00061603985,0.06589998,-0.00872539,0.047158003,-0.029168896,-0.008701858,0.030283337,-0.019740708,-0.024133494,-0.018028248,-0.0023705312,0.069768414,-0.01881165,-0.015117912,0.030375786,0.008507334,0.0043683616,0.042784266,-0.0929397,-0.033858936,0.03125412,-0.008240618,0.06272521,-0.014371378,-0.029880945,-0.038105622,-0.029886672,-0.016681021,0.029217051,-0.04229057,0.016773788,0.0024272061,-0.04110634,-0.04991324,0.048519593,0.07986458,0.015500048,0.013747233,-0.035870377,0.036406968,0.00067613716,0.060123287,-0.038758304,-0.019212684,0.07216756,0.0100482,-0.029649405,0.04622453,0.027531046,-0.018254047,0.00553067,-0.03204793,0.06451556,-0.01330307,-0.014526253,-0.0537804,0.049577486,-0.055956937,-0.025073849,0.047567304,0.1002558,-0.019666353,-0.06802339,0.025088824,-0.06811465,0.03918424,0.07440321,0.0099141095,-0.0027099347,0.0024726365,0.031346697,0.0074359765,-0.09556487,-0.01838817,-0.029414281,-0.025821801,-0.08286549,-0.00039508112,-0.0731072,-0.02504709,-0.05048206,-0.018827418,0.03210627,-0.025116608,-0.055987224,-0.03146679,-0.0412538,0.08430731,0.033050075,-0.08117432,-0.06733399,-0.0063936613,-0.028999431,-0.046775635,-0.018033484,0.061101563,0.046522543,-0.06578716,0.025937606,-0.023723159,-0.053839307,-0.015976869,-0.059035286,0.02261072,0.0008996451,0.07664165,0.01767161,-0.012911366,-0.003692675,0.005986184,-0.0082690725,0.007742271,-0.0071264645,0.0015662751,-0.006266591,-0.04715145,0.022999613,0.03813169,-0.07004724,0.00945414,-0.07721321,0.026416587,-0.007337857,-0.12489828,0.013877275,-0.05493241,0.04992147,0.0012955964,-0.11610731,-0.04530603,-0.07095661,0.049156528,-0.006273953,0.012131926,-0.029077744,-0.049701117,0.037801918,0.04621006,0.01164401,-0.049946014,0.002442596,0.072911,-0.0012750052,-0.006671103,0.06484459,-0.03675255,0.05936643,0.10009111,0.0049667475,-0.044771623,0.028129011,-0.05694482,0.041670337,0.019314647,-0.0053361617,0.01564485,0.07331381,-0.019441804,-0.027042158,0.10377849,0.031187577,0.016763007,0.014688314,-0.051039807,-0.042046186,-0.013213413,0.008251821,-0.020641834,-0.022393338,-0.022910947,0.010739112,-0.047550075,0.05860047,-0.017274885,-0.03627526,0.09369558,-0.06304568,-0.009176305,-0.0074571897,0.026072241,-0.022158233,-0.048198886,0.071776524,-0.0029548854,-0.021867286,0.07197779,-0.015469272,-0.046497095,-0.0089747235,-0.011086356,-0.10298092,-0.13746017,-0.021810114,0.06101706,0.071079746,-0.014816605,-0.040337306,0.0035713876,-0.020747775,-0.0031087655,0.020143002,-0.010502799,-0.06762186,-0.0010724484,-0.074469835,-0.04600991,-0.012153803,-0.053915747,0.046846554,0.088946894,0.0012110375,0.02394861,0.019911943,-0.045600697,0.015511505,0.03686201,0.001715263,0.06618323,-0.022225112,0.005831964,0.11022797,0.018427055,0.052857626,-0.07725258,0.10229231,-0.03414742,-0.042222105,-0.03208465,-0.113896266,0.00515126,0.028282251,-0.008578246,-0.027717136,0.009725675,-0.0134352185,0.03123178,0.018000228,0.027096791,-0.052415572,-0.018928563,0.033680033,0.024676861,0.0008719259,-0.04126124,-0.066309065,0.030664673,-0.0083428165,-0.009529195,-0.044861667,0.052751523,0.0018005918,0.040087257,0.06387948,0.028307127,-0.033001877,-0.015637845,0.04094464,0.0044874977,-0.058183365,-0.046861682,-0.0046674497,-0.055336308,0.010703642,-0.016342394,0.008749654,0.048227336,-0.047911245,0.006470513,0.012571596,-0.03282809,0.06980785,-0.017943336,0.064773425,0.017897898,-0.0554951,-0.094349176,-0.026191276,0.08553159,-0.018369881,0.013884517,-0.016826881,-0.013613133,0.03509265,-0.08571958,0.01792133,-0.061349034,-0.038278535],"light_features":[0.1,1.0,0.16398472,6.0981293,3480.0,0.01,0.049999997,0.07,1.0]}