{"version":1,"model_id":"clap_htsat_fused__sr48k__nfft1024__hop480__mel64__chunk10__repeatpad_v1","preprocess":false,"modified_ns":1766231372000000000,"file_len":71422,"embedding":[0.036477275,0.024828304,0.04599437,0.09196461,-0.022087386,0.010681012,-0.026962824,0.020621084,-0.03694814,-0.037903838,0.018715631,0.05425358,-0.0450729,-0.027699975,-0.06068841,-0.056016006,-0.030045038,-0.010789775,-0.0014857106,0.05031247,0.0020235407,-0.008572217,0.015077387,0.019041661,0.0705496,-0.02885548,-0.03326483,-0.040610813,0.017520497,0.0069433907,-0.012198186,0.07260514,-0.019033387,0.0004849643,0.05958965,-0.044029754,0.057573266,-0.0547755,0.010062351,-0.04063397,-0.02602051,0.0038139408,0.0660997,-0.027292734,0.018704757,-0.020982914,0.035195716,-0.033547927,0.048156407,0.00059511187,0.018350169,0.032480683,0.02108869,0.039591216,0.043842945,0.07182922,-0.03207791,0.06507021,-0.011414346,-0.05066476,0.038463008,0.08909284,-0.0048668967,-0.041392382,-0.027661322,0.05495598,-0.05612182,-0.044276312,-0.08370683,0.016873423,0.14201269,-0.029277017,0.03299565,-0.029769737,0.044763394,0.0053386474,0.035310254,-0.028828185,0.0034415647,-0.08803057,-0.02944917,-0.05660049,0.03859037,0.033592317,-0.009992115,0.011125354,0.07030502,0.059533883,0.024706699,-0.012806542,0.015066716,0.008370139,0.016415672,-0.050576,0.065732226,-0.010690843,-0.016565295,-0.01883482,0.01390053,-0.02353792,-0.024332099,0.0783231,0.03907951,0.046667326,-0.05553822,0.06936306,0.043896463,-0.034028385,0.04277093,-0.038452186,-0.027928175,0.0017701297,0.02894323,-0.00384951,0.026652949,0.14361218,-0.025573904,-0.014781569,-0.08723385,0.06827238,0.010120778,-0.04026098,0.037071615,-0.065121576,0.008849426,0.06178631,-0.0026603958,0.048358377,-0.03514266,-0.013927046,-0.027472552,-0.00441761,0.08170035,0.074995756,-0.021781525,-0.04448957,-0.029983561,0.01705051,0.018391812,-0.0853921,-0.0058427565,-0.046392728,0.06881597,-0.068061054,0.011557349,-0.048964236,0.0549252,-0.016793478,-0.058931947,0.075611375,0.03331543,-0.010362747,-0.0019449629,-0.050863165,-0.0096391635,-0.026412617,0.006613039,-0.03723065,0.03587977,-0.05680557,0.0068413503,-0.02860301,0.0137473205,-0.004230815,0.014573759,-0.019564742,-0.0025922218,-0.022369212,0.07853529,-0.026365045,0.09298379,-0.007534793,0.030957442,-0.016019909,-0.0757008,0.0057175043,-0.051147994,0.009028231,0.03299581,0.08578116,0.05374756,0.008441002,0.02007481,-0.056104973,0.0031331282,-0.10129825,-0.06254687,0.08820517,-0.062314603,-0.01603764,-0.012713763,0.01865042,-0.037386674,0.027826337,0.024931248,-0.04453837,-0.015338543,0.0013883685,0.012524382,0.046905596,0.022572758,0.0011646401,0.006298706,0.030681737,0.04389674,0.0081743905,0.038947713,0.04979212,0.032961804,0.017399399,-0.037501656,-0.024538266,-0.028314732,-0.017652156,0.045983877,0.0080335615,0.023871064,-0.052730214,0.068304434,0.020408282,-0.042298142,0.029700698,-0.023788253,-0.03900848,0.012036631,0.00092762377,0.061602026,-0.011751878,0.04243501,-0.019557303,-0.01117528,0.02909585,-0.028150186,-0.015081066,-0.01520119,-0.0049704486,0.07397127,-0.008193525,-0.02505215,0.028420739,0.022111466,-0.004489316,0.05614175,-0.08485773,-0.028956093,0.028305754,-0.008952499,0.068677045,-0.012337281,-0.021892566,-0.040736623,-0.024619224,-0.02226771,0.03728879,-0.054352056,0.01615953,0.011607016,-0.038444184,-0.056446157,0.05497492,0.076373056,0.010349514,0.011843685,-0.034756016,0.031973563,0.0018561052,0.06429725,-0.03708514,-0.02304318,0.07702182,0.0048450334,-0.030160127,0.0487548,0.027376868,-0.011728218,0.010147604,-0.032666165,0.06561753,-0.0057641864,-0.016425911,-0.05253232,0.04126148,-0.05639236,-0.021988682,0.046995297,0.11655605,-0.0153014315,-0.076251715,0.03328176,-0.07481187,0.016914122,0.06354309,0.005915162,0.00039799098,-0.002900618,0.025503162,0.013183806,-0.1008451,-0.013325437,-0.024941884,-0.033343762,-0.06404201,-0.010683692,-0.061283387,-0.024056748,-0.043277122,-0.0096085565,0.035678126,-0.0230688,-0.05054299,-0.030084545,-0.044769105,0.07610341,0.03730002,-0.0860259,-0.07784483,-0.009511096,-0.024590883,-0.03689878,-0.021683883,0.06161586,0.04021384,-0.06359306,0.03329427,-0.019477839,-0.05893839,-0.011424353,-0.05476263,0.020141173,0.00059963245,0.07783424,0.018032512,-0.02552823,-0.004724062,0.0010461028,-0.0022565676,0.0042174906,-0.00061138894,0.017373385,-0.004740614,-0.042802837,0.018963097,0.043364014,-0.0598185,0.019891862,-0.081176475,0.0315183,-0.0101619745,-0.11753872,0.024144435,-0.054023646,0.043633126,-0.0054276627,-0.11139834,-0.037034657,-0.06533258,0.040539697,-0.0028495893,-0.00013866107,-0.022193965,-0.05232279,0.023942655,0.047302853,0.020487146,-0.047448404,0.011933434,0.07429385,-0.0085424995,-0.015976682,0.07208475,-0.028413702,0.061571788,0.09067802,0.007907496,-0.042267002,0.023625415,-0.06999913,0.038056497,0.021696653,-0.010469443,0.012702205,0.079021454,-0.018780692,-0.034744382,0.10595809,0.03095735,0.01772598,0.0121964095,-0.052353963,-0.040632747,-0.0008149523,0.0041375533,-0.013170271,-0.02377673,-0.022522956,0.009818193,-0.031171674,0.050075993,-0.025155043,-0.031206077,0.09525512,-0.06109308,-0.0056554195,-0.0000981309,0.02367559,-0.021981006,-0.046333447,0.07653011,-0.0060742307,-0.025771847,0.069396146,-0.017089484,-0.04822219,-0.011856526,-0.01421741,-0.10391046,-0.14769313,-0.028493626,0.057787422,0.06700874,-0.022188835,-0.03723092,-0.005923057,-0.018493801,-0.007709393,0.021415414,-0.0052030035,-0.071515866,-0.00019213263,-0.077724874,-0.042241614,-0.00915989,-0.06361089,0.042895302,0.09066772,0.0011022876,0.027517747,0.023626521,-0.043229267,0.011535329,0.044909496,0.0049847793,0.0752381,-0.011288018,0.0064238724,0.10802397,0.024367733,0.054128036,-0.07841306,0.10020677,-0.026796687,-0.035881706,-0.03322899,-0.10663602,0.004931569,0.030489953,-0.0051917112,-0.03327738,0.0029037597,-0.0049149483,0.02831414,0.023330593,0.017730815,-0.060386065,-0.028219799,0.025866525,0.026917733,0.003897416,-0.05078516,-0.06920407,0.047924448,-0.01762981,-0.0022748485,-0.046101693,0.045733497,0.005866665,0.03858392,0.05333802,0.024185179,-0.031301346,-0.017292807,0.038203504,-0.011831801,-0.061361294,-0.040884074,0.0026673342,-0.05249574,0.016005408,-0.0031139627,0.008147535,0.059655268,-0.05902948,0.006606575,0.010068048,-0.042643912,0.07369744,-0.011665977,0.054073617,0.0050849007,-0.06266211,-0.09463314,-0.020024281,0.08475985,-0.022548307,0.016191965,-0.023794679,-0.0023990578,0.035374675,-0.08203038,0.018236097,-0.06627472,-0.036150992],"light_features":[0.205,1.0,0.13540073,7.3854847,3565.8538,0.01,0.07,0.14,1.0]}