{"version":1,"model_id":"clap_htsat_fused__sr48k__nfft1024__hop480__mel64__chunk10__repeatpad_v1","preprocess":false,"modified_ns":1766231484000000000,"file_len":82626,"embedding":[0.030077811,0.018616568,0.04632788,0.07998594,-0.037319366,0.01755286,-0.01960402,-0.0016432042,-0.060718216,-0.040523395,0.046967737,0.03412586,-0.0412683,-0.022113468,-0.058457404,-0.05652452,-0.023507485,-0.024756933,0.02634531,0.052850813,0.018419418,-0.0057598837,-0.0019238541,0.037133843,0.08680016,-0.03054522,-0.005204108,-0.02657707,0.042653963,0.024044216,-0.021770807,0.06252029,-0.008369604,0.016509058,0.059699982,-0.05878909,0.053105738,-0.03270007,0.021141231,-0.03437212,-0.037948433,-0.0135297505,0.069085434,-0.019991226,0.02057003,0.003461629,0.028180428,-0.027640134,0.06664534,0.016077084,0.016398128,0.016609985,0.01518377,0.061141465,0.05120995,0.06245421,-0.028493347,0.06896298,-0.035215657,-0.035480652,0.045846354,0.117638744,-0.03140276,-0.048044182,-0.010709596,0.06311932,-0.08217923,-0.027505923,-0.08443637,0.007720275,0.14726007,-0.021065975,0.037322007,-0.028357772,0.02035576,0.0041796556,0.029823404,-0.0168478,-0.008673372,-0.08491081,-0.019825889,-0.08228416,0.015347675,0.019099586,-0.026960023,0.013240166,0.06530795,0.06625994,0.021753166,-0.033856615,-0.0015417343,0.019329807,-0.016551575,-0.054681897,0.052259695,-0.00058981444,-0.035251934,-0.025683116,0.03164587,-0.0032682593,-0.029580727,0.06364946,0.0069479477,0.0091291545,-0.061211374,0.073550746,0.050894417,-0.07587041,0.025339514,-0.050071217,-0.008413827,-0.005048442,0.058420908,0.0077514183,0.018277973,0.13747431,-0.0043961415,-0.016018143,-0.08759516,0.06850481,0.0039456966,-0.037596785,0.044662483,-0.07362172,0.023193156,0.05363408,0.01163707,0.04964698,-0.05067851,-0.034002025,-0.031145936,0.0036494615,0.06279941,0.061067525,-0.044026565,-0.04235477,-0.019905588,0.0437971,0.029572036,-0.08500723,-0.027032781,-0.049112372,0.084251754,-0.07639309,0.011869872,-0.0438775,0.056949645,0.0053076944,-0.023379318,0.07683602,0.030663842,-0.0038378881,0.029488238,-0.08633753,-0.00467933,-0.029606545,0.005769264,-0.038793664,0.030270768,-0.036166146,0.020696785,-0.020824967,0.007020809,0.006257182,0.0084559815,0.010027119,-0.0004463777,-0.012755708,0.06516711,-0.020992903,0.08852177,-0.0077001015,0.034931794,0.011324735,-0.07028639,0.00093503995,-0.04524625,0.0048607206,0.01893516,0.07088337,0.056137137,-0.028064746,0.018023973,-0.039500657,0.013096534,-0.08523964,-0.040658474,0.07459821,-0.06533932,-0.02023451,-0.02630877,0.03730103,-0.014142565,0.008722991,0.021261362,-0.014781691,-0.00877023,0.0038011975,0.017012253,0.042047355,0.04198511,0.0038052176,0.01014957,0.032581482,0.032470193,-0.009051961,0.061169285,0.024754556,0.028745038,0.032691017,-0.052410375,-0.023130322,-0.019244757,-0.017253466,0.0655683,-0.009342575,0.023558185,-0.032241415,0.07295092,0.02392788,-0.02346152,0.029549222,-0.010331494,-0.03978128,0.0018664943,0.025827533,0.056259394,-0.018800767,0.04041413,-0.014688684,-0.002019163,0.015106394,-0.049882717,0.0064103464,-0.024835385,0.019799937,0.053729683,-0.029093482,0.014104825,0.038502082,0.029608065,0.01663939,0.04187123,-0.10225551,-0.032723196,0.04879472,-0.0014589968,0.06441702,-0.019555885,-0.019232057,-0.03360127,-0.023206474,-0.015171464,0.05276071,-0.03385543,0.006620013,0.0179913,-0.02375046,-0.042287607,0.05143023,0.07930322,-0.009019953,0.020549966,0.0038379333,0.02719938,0.0189337,0.049466807,-0.031045802,-0.01741641,0.057102524,0.019444628,-0.028822733,0.036571573,0.0021342135,-0.0024530601,-0.004504551,-0.040951602,0.08368061,-0.014064976,-0.006502248,-0.060794152,0.05060893,-0.041542403,-0.041183874,0.029192094,0.10913794,-0.046703056,-0.102815285,0.029697103,-0.065564826,0.02154962,0.06427742,-0.0028513211,-0.02938063,-0.013946802,0.03562638,0.015788756,-0.08734556,-0.020970108,-0.02868685,-0.032181066,-0.053503837,-0.0009113509,-0.061425846,-0.010744695,-0.061441775,-0.004237101,0.017150924,-0.006690395,-0.07480559,-0.016953172,-0.05250962,0.05578169,0.044062518,-0.07011485,-0.076732606,-0.022864202,-0.03910297,-0.042839386,-0.015220948,0.04141895,0.038026687,-0.05533997,0.046379577,-0.015526521,-0.062397346,0.013237218,-0.06288333,0.02163587,-0.0073490427,0.09199649,0.006350296,-0.01603499,0.0062815063,0.0074364473,-0.00091157196,0.0040887003,-0.0062604393,0.0023764032,-0.00874638,-0.03794209,0.015793415,0.060457494,-0.046144698,0.015042675,-0.09461113,0.023190148,-0.024602376,-0.09905927,0.0026051789,-0.055819698,0.06204043,0.0077360696,-0.09524605,-0.030113518,-0.075140685,0.03245069,-0.0014636191,0.023584694,-0.018704308,-0.06264508,0.022051563,0.03960803,-0.0014762561,-0.0344284,-0.0004009103,0.080568746,-0.00074301293,-0.036181737,0.07588916,-0.032538526,0.05732422,0.08025525,-0.00498338,-0.03688554,0.010321529,-0.03607864,0.0438828,0.025162458,0.004406653,0.003384879,0.062215406,-0.041174237,-0.050617617,0.077733964,0.016298609,0.02067536,0.0054154154,-0.04239091,-0.030100752,-0.011277291,0.0021731767,-0.025168583,-0.021168571,-0.010420647,0.0008013671,-0.030566812,0.045012705,-0.044692278,-0.027804961,0.07343958,-0.07448041,-0.0023039985,-0.013186314,0.05779352,-0.028983101,-0.050642915,0.075166844,-0.011847929,-0.043948524,0.066980086,-0.014685246,-0.061590105,-0.03473274,-0.021932311,-0.1048155,-0.13619925,-0.019860094,0.06982087,0.06524658,-0.019049203,-0.04005277,-0.0065227877,-0.01415335,0.01825767,0.042154174,0.005667202,-0.061800726,-0.0089079775,-0.06798923,-0.05637037,-0.030621052,-0.06651307,0.054401018,0.10446648,-0.0066951974,0.025111083,0.042595677,-0.05165005,-0.0089981435,0.040923726,-0.012844032,0.077085674,0.010205291,0.012722342,0.13513584,0.01992788,0.028866837,-0.056388773,0.07373108,-0.0068942807,-0.03431455,-0.043678567,-0.09018955,0.021891298,0.019970663,-0.009337727,-0.03041137,0.011335719,-0.02462631,0.030042076,0.011900156,0.032598734,-0.038317226,-0.012506328,0.038708825,0.012211498,-0.02635446,-0.032281905,-0.07437555,0.052562118,-0.011551257,0.0010924565,-0.06839953,0.03922438,-0.004330652,0.0454311,0.054967444,0.034324758,-0.015093058,-0.004937474,0.034065347,0.014549378,-0.06306274,-0.04213893,0.0045965747,-0.05321473,0.009165924,-0.010929179,-0.005341344,0.046476826,-0.058035657,-0.0171143,0.0027782416,-0.041862898,0.07011584,-0.034815446,0.08242737,0.00017162901,-0.0668026,-0.09831669,-0.02338611,0.08658193,-0.010879698,-0.0013271695,-0.022232987,-0.02798883,0.05326048,-0.067643695,0.037266728,-0.049139354,-0.033039767],"light_features":[0.307375,1.0,0.25712922,3.889095,793.8186,0.03,0.19999999,0.26999998,1.0]}