{"version":1,"model_id":"clap_htsat_fused__sr48k__nfft1024__hop480__mel64__chunk10__repeatpad_v1","preprocess":false,"modified_ns":1766231586000000000,"file_len":95222,"embedding":[0.0482513,0.029328356,0.050651263,0.08929245,-0.020134486,0.0034339444,-0.024564805,0.025309667,-0.052331306,-0.03853629,0.017426157,0.048919145,-0.03202328,-0.020732256,-0.061628226,-0.0672748,-0.014520046,-0.019227142,-0.000809417,0.041656155,0.013181416,-0.007199366,0.011881632,0.027319862,0.0706267,-0.03354084,-0.03184303,-0.036659133,0.028946687,0.00090283947,-0.0086102495,0.07165519,-0.011323223,-0.004151447,0.06685091,-0.04641119,0.050167125,-0.049679723,0.010705226,-0.038411666,-0.022449158,0.00023798092,0.0710254,-0.025567787,0.015904052,-0.010361889,0.03501353,-0.025723107,0.04634181,0.018015476,0.009706789,0.014157055,0.014642794,0.047159225,0.043936115,0.067010246,-0.026747504,0.067929216,-0.0053880257,-0.055747814,0.026271649,0.09129614,-0.00363841,-0.03574923,-0.031087438,0.050460394,-0.06798242,-0.03416584,-0.08825753,0.017370908,0.14731368,-0.02721537,0.03480959,-0.028648116,0.05132628,-0.007394933,0.032294758,-0.03220073,-0.020820634,-0.08298057,-0.020862758,-0.059015885,0.033266637,0.019778661,-0.0051981863,0.0022070515,0.06612856,0.059895527,0.024183786,-0.022017615,0.017544862,0.01876222,0.007619313,-0.039005,0.054512586,-0.00852603,-0.023205081,-0.025471747,0.025649872,-0.008490214,-0.010902394,0.079239815,0.027609164,0.03756215,-0.053211715,0.06683417,0.043377228,-0.03459355,0.048303835,-0.03472326,-0.022363206,0.007704718,0.03703339,0.004714869,0.016963065,0.13539815,-0.023623308,-0.011664295,-0.08522324,0.06516365,0.008669583,-0.047095474,0.0454237,-0.07236473,0.014883792,0.05735363,0.007139996,0.04763263,-0.045292165,-0.021502346,-0.020578858,-0.013665641,0.06773334,0.060640592,-0.017481208,-0.03623339,-0.022479206,0.03224786,0.039547265,-0.088527665,-0.010042191,-0.055850778,0.065758035,-0.05395524,0.022523222,-0.046530686,0.05333594,0.0036439816,-0.039664797,0.067551404,0.045233574,0.0065679434,0.0069150887,-0.055875886,-0.015576892,-0.019087961,-0.00070732425,-0.04616645,0.029335134,-0.047434825,0.020604491,-0.026138697,0.016772024,0.007940944,0.0145175755,-0.013593856,-0.00583878,-0.02144705,0.0728334,-0.024540635,0.08842454,-0.017228998,0.036893014,0.0063288435,-0.083046526,0.0060235793,-0.043664843,0.010754301,0.025955776,0.08502557,0.06306907,0.0027636637,0.03325582,-0.04816136,0.013464407,-0.09984229,-0.052243486,0.08508117,-0.06923806,-0.015665406,-0.036608737,0.02075928,-0.029727131,0.022993429,0.017284468,-0.04320466,-0.01541113,0.0101363985,0.023651527,0.03743604,0.03607011,-0.004509257,0.007679683,0.036980122,0.036280602,0.008821831,0.05146851,0.041994892,0.02675639,0.018040631,-0.028993133,-0.032920767,-0.02814592,-0.012294138,0.054984245,-0.0053424463,0.028807318,-0.036621276,0.07527512,0.027147656,-0.035925884,0.036192663,-0.022962024,-0.042043276,0.0030676683,0.00048250967,0.061376404,-0.0033410678,0.03584467,-0.031843524,-0.0032766252,0.02264937,-0.040411882,-0.01006115,-0.035902377,0.0071619186,0.07310198,-0.0185939,-0.021320548,0.033087347,0.030547213,0.009120234,0.050064996,-0.088037506,-0.02460543,0.019009667,0.003805396,0.07207957,-0.018114788,-0.021788683,-0.053638075,-0.028488852,-0.024800166,0.035563022,-0.04212869,0.012709103,0.0050036153,-0.048441045,-0.05124348,0.050705753,0.07734405,-0.0064533255,0.02161295,-0.024530526,0.034268983,-0.0011156435,0.05626528,-0.0420989,-0.023373269,0.06024362,0.023050128,-0.025735106,0.03755381,0.029003162,-0.004845183,0.009357138,-0.041067198,0.07778191,-0.0033507578,-0.020340933,-0.067634195,0.044686455,-0.063310415,-0.029055538,0.05188936,0.12241035,-0.026622739,-0.08743179,0.020357927,-0.07337249,0.0152272945,0.05484817,0.01943705,-0.0018565841,-0.024418378,0.029765682,0.010640927,-0.08827521,-0.023272345,-0.019613437,-0.024162838,-0.055441927,0.0026199492,-0.057414766,-0.007427714,-0.044686716,0.000093015384,0.0355562,-0.019937973,-0.0604939,-0.029678557,-0.034092452,0.06285586,0.033626586,-0.06554801,-0.09135964,-0.016729409,-0.024015304,-0.038825564,-0.007457044,0.07134076,0.043165773,-0.0652901,0.0348255,-0.019634366,-0.06488335,-0.01671808,-0.05036722,0.010465093,-0.004715418,0.08225125,0.01799148,-0.0261484,-0.0039478936,-0.008362498,-0.011032275,-0.009456746,-0.00027449455,0.0047784504,-0.008199399,-0.047180686,0.029676521,0.055836182,-0.060660105,0.01611827,-0.07208404,0.022280008,-0.01087308,-0.11906016,0.020163465,-0.05826411,0.04100222,-0.0012788732,-0.10936193,-0.039970458,-0.06798401,0.034398444,-0.0007434476,0.015719721,-0.00757306,-0.056539513,0.028482664,0.04053789,0.019968402,-0.03773923,0.014906644,0.082884304,-0.00040994366,0.002047438,0.0664051,-0.03221019,0.06455183,0.07709571,0.005206303,-0.033793658,0.023600545,-0.052333288,0.025935413,0.028292865,-0.015660265,0.015503218,0.07640748,-0.02668225,-0.038376626,0.09908589,0.020816214,0.008433596,0.0019230066,-0.057873204,-0.035521135,-0.009152227,0.0052146357,-0.006796671,-0.018024791,-0.014891451,0.007752862,-0.036783792,0.051992226,-0.023082044,-0.029384606,0.0956998,-0.06658369,-0.017828945,-0.011346577,0.03083516,-0.011196968,-0.043461587,0.07380798,-0.00022222649,-0.03415315,0.07138979,-0.013639086,-0.051935468,-0.01905021,-0.018431626,-0.10895718,-0.15234424,-0.022464309,0.055930737,0.07027813,-0.014412577,-0.027331354,0.00082637765,-0.012276594,0.002519187,0.023905823,0.010320177,-0.056752045,-0.008146298,-0.077702686,-0.056369998,-0.0214555,-0.07391736,0.047889262,0.08936679,-0.009069828,0.021539586,0.02986448,-0.053886786,-0.000826002,0.053722184,-0.0044846837,0.08361147,-0.015194556,0.010585977,0.108844705,0.02653733,0.04866053,-0.070414394,0.101502314,-0.028939214,-0.031713914,-0.052002024,-0.0975759,0.014584191,0.032413203,-0.007489912,-0.031337015,0.010358527,-0.006718603,0.029840406,0.016202709,0.021463217,-0.055220127,-0.030489948,0.026000654,0.022234684,0.004471405,-0.04215357,-0.06740834,0.03960636,-0.021021346,0.0016114746,-0.07223376,0.051937647,0.0026249462,0.042283785,0.0708719,0.028663695,-0.040283907,-0.020313296,0.042173833,-0.00896009,-0.07095696,-0.04270745,-0.00899786,-0.048154395,0.0028169665,0.006502737,0.010234446,0.063686855,-0.04953045,-0.0002485591,0.021969292,-0.034095936,0.08304179,-0.020905701,0.06589387,0.019876355,-0.060041707,-0.10519069,-0.021207519,0.08343166,-0.010052049,0.0069286865,-0.013038734,-0.004587576,0.040612638,-0.07811314,0.024449114,-0.067095764,-0.03158882],"light_features":[0.245,1.0,0.18312173,5.4608483,6122.4487,0.04,0.089999996,0.19,1.0]}