{"version":1,"model_id":"clap_htsat_fused__sr48k__nfft1024__hop480__mel64__chunk10__repeatpad_v1","preprocess":false,"modified_ns":1766231604000000000,"file_len":128078,"embedding":[0.032675188,0.040713836,0.068891585,0.09799035,-0.023405699,-0.019023437,-0.020689555,0.021554576,-0.052731413,-0.039819025,0.01664445,0.048206512,-0.048571184,-0.040946845,-0.042867217,-0.05524974,-0.030527921,-0.022255627,0.0010482195,0.02534042,0.0059319376,-0.011042546,0.0086076455,0.036676228,0.08480149,-0.019333087,-0.06111201,-0.034567725,0.015176428,0.00016859247,-0.011350496,0.07476705,-0.00527624,-0.013534105,0.059227496,-0.06000787,0.032691415,-0.056303274,0.010172349,-0.05878366,-0.03229865,0.0034463962,0.064993225,-0.044642247,0.023392227,-0.033634722,0.04142868,-0.027154991,0.062276687,0.001616675,0.042174235,0.029906154,0.02522404,0.04661921,0.05865399,0.069216564,-0.03849342,0.051402405,-0.0015155788,-0.059167672,0.04594309,0.0753557,0.004881891,-0.03451905,-0.02559045,0.051831797,-0.0860715,-0.04934235,-0.07598266,0.019544289,0.1309691,-0.035119712,0.02082638,-0.029638749,0.045492508,0.017036745,0.012713431,-0.03077831,0.0046590213,-0.058900863,-0.016543156,-0.044418164,0.040856004,0.045910727,-0.012818396,-0.0003124608,0.060235836,0.059519924,0.008544504,-0.007518613,0.0116111245,-0.009402218,0.02750117,-0.027580637,0.056519054,-0.02136968,-0.00955169,-0.013657097,0.016486986,-0.03851611,-0.017697375,0.08323747,0.020066604,0.054050602,-0.065471806,0.071554795,0.030882591,-0.022830056,0.043028485,-0.042462066,-0.019918138,-0.007173727,0.067243375,-0.016315462,0.013608084,0.13415614,-0.008870558,-0.036628164,-0.073062375,0.0806923,0.033152133,-0.04810068,0.034293577,-0.06773816,0.00092991604,0.05259391,0.0065057194,0.023577165,-0.033116624,-0.0124925515,-0.043072805,-0.011682321,0.06666697,0.07484373,-0.011759205,-0.054728262,-0.017253524,0.0010734731,0.025218006,-0.113443404,-0.037635595,-0.06083334,0.06167504,-0.05023066,0.004286673,-0.044338677,0.03527932,-0.0034481266,-0.05275294,0.08206797,0.048366394,0.007306632,0.012997703,-0.044224527,-0.034031026,-0.029128958,0.011494927,-0.02955926,0.031238765,-0.034808844,-0.006895523,-0.022532498,0.025882052,0.01639555,0.023517273,0.0016527792,-0.008651136,-0.04349592,0.07733085,-0.049041107,0.08230017,0.0006163866,0.02934101,-0.014372977,-0.07213966,0.0077412934,-0.02079538,0.023808861,0.016524917,0.071632504,0.05855029,0.0060981316,0.027535725,-0.06352017,0.015513591,-0.085803345,-0.0434221,0.09381779,-0.06371961,0.0037837983,-0.016344883,0.019823296,-0.017841507,-0.00051214965,0.0073993583,-0.019688368,0.00033163384,0.0053954017,0.016958974,0.021856684,0.008871084,-0.031498197,0.01041777,0.005762197,0.04998602,0.010629452,0.05506582,0.055063155,0.014103444,0.028724404,-0.041416496,-0.020912645,-0.030830476,-0.014034437,0.05550915,-0.0066452892,0.022020802,-0.04579879,0.072605275,0.037059277,-0.03788304,0.02172037,-0.040439382,-0.015317716,0.006663504,-0.002775855,0.074055724,0.0078075477,0.036083385,-0.00818533,-0.004124098,0.037147906,-0.020181468,0.0055956873,0.0124302,-0.0055165426,0.07603904,0.009963749,-0.003997784,0.049954772,0.03215983,-0.00050424546,0.055900346,-0.08538797,-0.004709443,0.027505752,-0.0010739209,0.078588024,-0.0040850816,-0.0097706225,-0.049907673,-0.012960491,-0.035112232,0.021605792,-0.041727696,0.030014312,0.008597412,-0.055229116,-0.061018348,0.032668833,0.06806655,-0.0060060215,0.024089854,-0.031373985,0.03166372,0.010844096,0.06290892,-0.056436833,-0.027766109,0.07714579,0.0043540434,-0.043672834,0.07823367,0.030681226,0.0058872313,0.022509808,-0.05072971,0.06398563,-0.008960435,-0.0015543115,-0.05207281,0.033057448,-0.065151334,-0.028806953,0.044458203,0.11751779,0.0023592855,-0.06965214,0.029922215,-0.076487474,0.018026846,0.06939143,0.012767704,-0.0017974188,-0.0019567744,-0.002826328,0.004606835,-0.0639705,-0.018926939,-0.006931545,-0.043488674,-0.07756666,0.006323868,-0.054698553,-0.033170253,-0.019717637,-0.014154963,0.02768747,-0.033703342,-0.06852352,-0.014548352,-0.03429048,0.050421953,0.038265392,-0.09520385,-0.07337927,-0.00466916,-0.025956636,-0.025089722,-0.002362749,0.05519102,0.04583922,-0.06166468,0.032985523,-0.02573417,-0.05316261,-0.006143905,-0.048211034,-0.0015252291,-0.009269538,0.06467821,0.007249165,-0.028771698,-0.011396269,-0.0138333235,0.0037168488,-0.015340327,-0.009222828,-0.007936675,-0.014040671,-0.039167497,0.018176481,0.04818783,-0.046191305,0.022563377,-0.06474312,0.022738649,-0.009463732,-0.12397283,0.010637729,-0.05681792,0.040094692,-0.006161272,-0.12016869,-0.025167648,-0.07769919,0.033701126,-0.015719695,-0.00026896494,-0.009116275,-0.05233362,0.019241337,0.04513953,0.01654534,-0.0316694,0.02493297,0.077195466,-0.031708945,-0.009727505,0.08941512,-0.029369013,0.042965624,0.10320831,0.017192231,-0.05506589,0.018482877,-0.05258559,0.029249111,0.039948326,-0.019772671,0.030068286,0.087355234,-0.01889257,-0.017902933,0.10719433,0.06389347,0.005505744,0.03225244,-0.06015211,-0.013352734,0.008788693,-0.0077517405,-0.018547118,-0.023744179,-0.0071759042,0.008948393,-0.06100436,0.03564313,-0.015349385,-0.039788645,0.08340046,-0.049314428,-0.011671687,-0.009601693,0.05080569,0.010711737,-0.03788874,0.068467274,0.0019432161,-0.035210155,0.046974014,-0.01004735,-0.05294479,-0.0031061473,-0.025244819,-0.09235868,-0.12824859,-0.02867958,0.059401497,0.065617085,-0.01682625,-0.04617117,0.0035212566,-0.010406078,-0.03155271,0.015600103,-0.009361491,-0.067881726,0.008175723,-0.09011359,-0.04450491,-0.014588556,-0.06369978,0.038552407,0.09328386,-0.0004373464,0.031747166,0.007959467,-0.057937786,-0.016509684,0.03072542,0.0027175513,0.052800972,-0.022015307,0.005116125,0.09130786,0.0316338,0.06439278,-0.0593461,0.11358802,-0.042634018,-0.015360339,-0.039597157,-0.10289889,0.009448991,0.04794431,-0.019929687,-0.024061432,0.01165596,-0.0055636796,0.022002993,0.015859704,0.018339526,-0.052047633,-0.048838865,0.020877419,0.0037080229,0.01763478,-0.03661166,-0.0779005,0.0374436,-0.043204892,0.000669939,-0.056269486,0.053655736,0.0105273975,0.034642026,0.05904993,0.0018149626,-0.019937571,-0.023489814,0.041275397,-0.019893348,-0.044610105,-0.058186114,-0.018183129,-0.05141347,0.026009398,-0.005653389,0.01569581,0.07827954,-0.06374283,0.013480868,-0.0059344713,-0.031155273,0.08017665,-0.02482763,0.04654973,0.0064522806,-0.04417641,-0.11237458,-0.03402187,0.086857796,-0.007094987,0.030827956,0.009740656,0.0316683,0.024340125,-0.067192405,0.019861447,-0.07912961,-0.029132497],"light_features":[0.125,0.99999994,0.17212436,5.8097525,2392.0,0.0,0.089999996,0.11,1.0]}