{"version":1,"model_id":"clap_htsat_fused__sr48k__nfft1024__hop480__mel64__chunk10__repeatpad_v1","preprocess":false,"modified_ns":1766231782000000000,"file_len":189044,"embedding":[0.025377959,0.039072983,0.056698877,0.09248589,-0.021356327,0.0062007094,-0.023584804,0.010508099,-0.05460622,-0.038290225,0.02838145,0.04613418,-0.057589687,-0.030608919,-0.05346282,-0.055987995,-0.03253235,-0.01363564,-0.0014773487,0.04271008,-0.009864751,0.0018346051,0.014194024,0.021364044,0.09330893,-0.016956627,-0.043676212,-0.04158041,0.021089831,0.00029649588,-0.0072109993,0.07440413,0.01284439,-0.020304495,0.061874177,-0.0648326,0.035161704,-0.048297886,0.018180728,-0.05075741,-0.029661492,-0.00087348034,0.054868598,-0.032707162,0.023446675,-0.029352676,0.05798186,-0.02822447,0.065915085,0.008704316,0.029301666,0.05361323,0.023421355,0.050902035,0.048916463,0.07525716,-0.036244065,0.060631588,-0.0044158814,-0.06065801,0.045369938,0.054684997,-0.0048441687,-0.040922232,-0.01221321,0.05808963,-0.084132485,-0.0335372,-0.08135932,0.015662294,0.12426479,-0.036956612,0.02674329,-0.039434385,0.04453641,0.01079253,0.012253593,-0.036161374,0.0126205385,-0.053132925,-0.008991815,-0.03122551,0.050319448,0.03138077,-0.013251031,0.0036777023,0.0748976,0.043144543,0.012563183,-0.0023007577,0.019066311,0.007756442,0.021723969,-0.0375377,0.057755444,-0.009527301,0.0039310227,-0.012419983,0.025500461,-0.02613526,-0.010265717,0.07791944,0.030235903,0.04353312,-0.05760422,0.08749296,0.035424586,-0.016417364,0.04455612,-0.0462329,-0.020965258,0.0069833454,0.050584245,-0.0080557875,0.021002758,0.14999832,-0.021821745,-0.027321601,-0.080012515,0.06624584,0.02802461,-0.05848729,0.042932406,-0.06124923,0.017146856,0.058642115,0.0064429706,0.036796127,-0.043094534,-0.010524595,-0.043355186,0.005739423,0.06754267,0.05567657,-0.01702788,-0.059228245,-0.036355685,0.019062078,0.02338042,-0.09779789,-0.02394396,-0.060721766,0.06747849,-0.06033732,0.01397004,-0.041926626,0.026806226,-0.015861671,-0.065138415,0.068204485,0.04969915,0.010487509,0.0034742346,-0.056514867,-0.036200494,-0.029896667,0.023574479,-0.019885793,0.03628246,-0.033481296,0.010792781,-0.025380153,0.012468449,0.023943089,0.0022280363,-0.0133951055,-0.011942951,-0.0327815,0.09239189,-0.027897248,0.08952003,0.0017073601,0.047386784,-0.023577817,-0.07584544,0.018011654,-0.03236154,0.018938169,0.022935815,0.0704093,0.048914757,0.011837532,0.046818756,-0.06551941,0.019475704,-0.09643826,-0.055990696,0.08449214,-0.06745273,-0.003874049,-0.015495418,0.021258185,-0.019396178,0.0063737133,0.0064492705,-0.028996306,-0.012178821,-0.00089025946,0.010677283,0.034488402,0.009003763,-0.015745183,-0.0021579848,0.010067605,0.038619004,0.018873474,0.047539435,0.0639099,0.016293136,0.019075967,-0.031043123,-0.010026751,-0.014810257,-0.021497961,0.04798337,-0.011699298,0.023949342,-0.059377898,0.076527886,0.034149285,-0.035130184,0.026964422,-0.01381288,-0.024100773,0.011977881,0.0017603263,0.08645123,0.00020863886,0.047446538,-0.008092748,-0.0062334063,0.031955194,-0.035315074,-0.00833243,-0.01242735,0.010777372,0.083696425,0.016347189,-0.00876085,0.041828573,0.035853695,0.004081696,0.05422773,-0.09136075,-0.031276967,0.02093645,-0.0025507149,0.05527959,0.0030013218,-0.018887663,-0.045948047,-0.027069163,-0.037223447,0.024185574,-0.042739768,0.036693428,0.005857983,-0.050616793,-0.057738844,0.035078675,0.07068784,0.012444504,0.012561595,-0.027309146,0.023193944,0.015470742,0.065808706,-0.037639003,-0.019430025,0.078241244,0.0024256336,-0.028251631,0.06593428,0.01957669,0.004488106,0.0046780156,-0.036078356,0.06508724,-0.0015641918,-0.011266386,-0.056099966,0.036122486,-0.06984361,-0.032294232,0.040283572,0.1132122,-0.00691523,-0.06589005,0.025741803,-0.08044803,0.018364945,0.06459246,0.01573011,0.0016412043,-0.007526918,0.015453025,0.010106735,-0.08162412,-0.014915652,-0.017170843,-0.055245142,-0.073096015,-0.0035426945,-0.0646739,-0.011671749,-0.04499483,-0.02257099,0.045793686,-0.033530373,-0.05911758,-0.03252123,-0.053567577,0.064940095,0.04072383,-0.07877942,-0.06896968,0.01230891,-0.020666614,-0.032537926,-0.0066271643,0.05985756,0.04230663,-0.07485527,0.03160454,-0.04092526,-0.060563914,-0.003387403,-0.03944213,0.015571173,-0.0010186116,0.058389034,0.007229207,-0.04548907,0.004612862,-0.011604754,0.015785806,-0.010870886,0.01168393,-0.005006602,-0.0015476192,-0.04126658,0.013844549,0.044965334,-0.066187285,0.028815398,-0.06606072,0.02396477,0.002270901,-0.110510945,-0.00026619693,-0.05552545,0.03948331,0.0017264319,-0.11369694,-0.04171898,-0.06652069,0.035411034,-0.0051671453,-0.0005907006,-0.0044535547,-0.059336938,0.018694578,0.06959628,0.012610502,-0.06017497,0.011089849,0.08614374,-0.020555826,-0.013763457,0.08192749,-0.018189164,0.031950578,0.099639244,0.015243238,-0.061848354,0.03317301,-0.0498738,0.022807607,0.01897178,-0.018650664,0.028868861,0.07870848,-0.014787202,-0.04843926,0.101720065,0.06143293,0.022636788,0.024157517,-0.0671476,-0.03276098,0.02439459,-0.0012837774,-0.006416785,-0.023691054,-0.0023429596,0.0045932713,-0.047608122,0.055833243,-0.011192928,-0.040605716,0.08960781,-0.043573212,-0.010812845,0.0058162487,0.033842806,0.0005946735,-0.04495407,0.07260349,0.01406364,-0.038565345,0.052705906,-0.0073105195,-0.042895135,0.0056931768,-0.027843408,-0.098802954,-0.12327326,-0.019416275,0.050192453,0.07215915,-0.020294653,-0.0441503,-0.002251429,-0.009412004,-0.024801737,0.02443578,-0.0016270719,-0.061335366,-0.00053899025,-0.09808527,-0.04432061,-0.012759127,-0.07686815,0.03246121,0.094459005,-0.005012068,0.023049703,0.008479302,-0.055278815,0.013861227,0.015554869,0.007104928,0.056962952,-0.03011977,-0.0018012158,0.09482418,0.023832452,0.049442932,-0.0652117,0.10833498,-0.04938772,-0.036758594,-0.032039423,-0.111136444,0.010760511,0.03942648,0.0067801634,-0.017781978,0.006659419,-0.015967129,0.032695018,0.030405905,0.02267357,-0.046823975,-0.052323002,0.028999127,0.0067383414,0.020442467,-0.037095454,-0.057447795,0.03731834,-0.03347264,0.012737394,-0.044600815,0.04416553,0.010029998,0.030426404,0.055105966,-0.005205132,-0.021042097,-0.020047223,0.03172787,-0.0070276996,-0.03368333,-0.05560054,-0.0058306674,-0.056190636,0.02336627,0.009376046,0.008340743,0.06577804,-0.05059273,0.0008710243,-0.016271701,-0.042633157,0.08277165,-0.028907374,0.039517596,-0.0057767704,-0.052361988,-0.097709976,-0.032144103,0.08604,-0.00096596876,0.012237638,0.005800129,0.012994954,0.020171592,-0.08454129,0.018092452,-0.07830625,-0.03353257],"light_features":[0.125,1.0,0.2025631,4.9367332,2688.0,0.0,0.049999997,0.099999994,1.0]}