{"version":1,"model_id":"clap_htsat_fused__sr48k__nfft1024__hop480__mel64__chunk10__repeatpad_v1","preprocess":false,"modified_ns":1766231610000000000,"file_len":41150,"embedding":[0.028774455,0.031635806,0.056307327,0.09844385,-0.024809288,0.008837272,-0.023603013,0.019582454,-0.033684645,-0.03461035,0.019713266,0.050877422,-0.039594464,-0.013050514,-0.065637134,-0.059504576,-0.035599634,-0.030415365,-0.0022002915,0.060976826,0.010325784,-0.00954785,0.009320834,0.01617044,0.06780019,-0.03439991,-0.03693413,-0.049330305,0.020638717,0.0005745195,-0.017691975,0.066732824,-0.020399276,0.00021147911,0.06521333,-0.042094246,0.05623111,-0.050138775,0.013246556,-0.03734343,-0.03687043,0.0086352145,0.076967075,-0.032447193,0.018012304,-0.005691147,0.042795774,-0.039528023,0.037612427,0.018270526,0.0074228332,0.01706531,0.025841935,0.052629743,0.030477013,0.06704291,-0.027526464,0.075089596,-0.0022089765,-0.04162171,0.03840372,0.08701536,-0.0031277894,-0.04154329,-0.030544497,0.06707545,-0.061318073,-0.023288397,-0.09339283,0.020653531,0.14408931,-0.02666272,0.040684454,-0.033812284,0.055690788,-0.0016596256,0.042573944,-0.034816716,0.0044840053,-0.07946085,-0.03656275,-0.06065116,0.025212422,0.030437233,-0.018107506,-0.006541951,0.07438354,0.059987646,0.02729395,-0.010391467,0.0140549885,0.011427831,0.0018542941,-0.061339255,0.06344425,-0.005588716,-0.01587883,-0.035285983,0.039661046,-0.010615555,-0.018018931,0.090242945,0.03925972,0.043033816,-0.05804318,0.08229563,0.041295744,-0.04714955,0.035336252,-0.03921393,-0.019587683,-0.0003478595,0.029316334,0.0033383928,0.020736754,0.14109318,-0.035485934,-0.011944558,-0.091704085,0.059082564,0.009304344,-0.037052274,0.038662937,-0.070090584,0.015948042,0.061044663,-0.00041358752,0.05833723,-0.04152535,-0.029915178,-0.034493536,-0.009397132,0.08170954,0.060183365,-0.01852902,-0.051455203,-0.041613225,0.03445593,0.018770583,-0.065663196,-0.009059991,-0.034147512,0.069545396,-0.05500202,0.014139103,-0.049193032,0.064773984,-0.008603949,-0.040092506,0.069831386,0.012388017,-0.014959272,-0.0067799557,-0.066686176,-0.012115278,-0.025319785,0.009426344,-0.02953287,0.040197883,-0.04437211,0.020355545,-0.03173322,0.016415648,0.008564584,0.014125051,-0.019608546,-0.00090784667,-0.02149745,0.08159954,-0.022826301,0.09256229,-0.010999334,0.03168384,-0.007960833,-0.08162917,0.002031571,-0.05196861,-0.0001863088,0.027727544,0.07341601,0.054934666,0.0038437995,0.028932914,-0.050029505,0.008519984,-0.090386525,-0.07433466,0.07805,-0.06715337,-0.020417186,-0.012454473,0.021896893,-0.029949758,0.034831733,0.023153523,-0.049239974,-0.013896117,0.005544562,0.0068671643,0.04623603,0.030203413,0.0050024767,-0.004690445,0.030270869,0.031370226,0.003856169,0.030496268,0.04433348,0.03397563,0.005758252,-0.031702604,-0.023281243,-0.027832141,-0.014559654,0.042100623,-0.0031460384,0.01944355,-0.035199836,0.06931292,0.030886153,-0.044458978,0.030052124,-0.017399168,-0.045111008,0.0039690775,0.002044755,0.052043002,-0.008998523,0.03647417,-0.01588536,0.00064068614,0.020369472,-0.047294743,-0.022245836,-0.019894345,0.006384942,0.087011024,-0.010475954,-0.022911219,0.021958642,0.018643213,-0.0040453463,0.05951807,-0.09656019,-0.024211276,0.023430381,0.0065273666,0.063771695,-0.013678281,-0.02250773,-0.050212264,-0.03747528,-0.015672838,0.0321611,-0.041310973,0.021058384,0.0108916005,-0.0396549,-0.03195619,0.050072655,0.090812586,0.014951225,-0.010356866,-0.03378645,0.03908992,0.00858988,0.060351517,-0.034317214,-0.030685173,0.055426832,0.0072693373,-0.023899319,0.039944272,0.026635686,-0.02601839,0.006291355,-0.03277429,0.061921787,-0.005830335,-0.02935822,-0.053581916,0.043001883,-0.062080886,-0.02137049,0.0348813,0.111945145,-0.032796986,-0.075713076,0.025921157,-0.072765246,0.024452941,0.05858441,0.0019286982,-0.0115753915,-0.0044741253,0.024913691,0.032583833,-0.0977554,-0.022009311,-0.02249442,-0.024427906,-0.06577147,-0.004989962,-0.07225073,-0.009360358,-0.06756932,-0.011012663,0.028253192,-0.02156777,-0.04631428,-0.039093744,-0.053430945,0.096330635,0.026328862,-0.0778234,-0.075456455,0.0048799687,-0.019727373,-0.047843266,-0.02535186,0.070173234,0.04251572,-0.06620805,0.026816437,-0.021654323,-0.053339034,0.0058848704,-0.045866866,0.020939007,-0.0038369636,0.0734657,0.023706067,-0.024300832,-0.011471185,-0.0075741103,0.0010203151,0.0057360833,0.017882729,0.011688198,0.006642913,-0.049724974,-0.0018150498,0.046490155,-0.06544882,0.015599867,-0.07450729,0.031360682,-0.005161719,-0.12277008,0.0072310017,-0.05020556,0.032135293,-0.0019802405,-0.11195665,-0.041446242,-0.0684114,0.0504448,-0.00378664,0.01090858,-0.02681394,-0.051568,0.039309345,0.04144893,0.0030687668,-0.050872594,-0.004937966,0.078805685,0.007379844,-0.015084108,0.06981138,-0.03109904,0.06103539,0.08438377,0.009151143,-0.02683924,0.02246174,-0.077187926,0.03711998,0.011625372,-0.011354121,0.021527456,0.07011628,-0.02653951,-0.032572895,0.10131985,0.022412557,0.014324511,0.009197989,-0.052503683,-0.051265303,-0.029012412,-0.002185918,-0.016462598,-0.025068551,-0.01967046,0.0119880205,-0.04021055,0.04009634,-0.037642192,-0.032076817,0.09086046,-0.061564494,-0.0071315253,0.00012929176,0.012019747,-0.019314367,-0.051579874,0.0792589,-0.00051331206,-0.016404092,0.07747597,-0.018107312,-0.056276854,-0.02276628,-0.008322212,-0.09774689,-0.14107016,-0.024410294,0.052366342,0.060760476,-0.012820289,-0.043389883,-0.019543882,-0.013985504,-0.0052532894,0.02432154,0.0055531566,-0.06591887,0.0024691501,-0.07450415,-0.039061666,-0.020102724,-0.062390696,0.040977485,0.08230951,-0.019707048,0.013299204,0.018902807,-0.039635997,0.015839376,0.049682196,0.006838476,0.06910076,-0.010158532,0.013416319,0.097437315,0.025591535,0.061349276,-0.06579943,0.10336374,-0.036234908,-0.031032588,-0.030059597,-0.10844105,0.010167157,0.034743275,-0.006894605,-0.02188607,0.00198012,-0.010492539,0.040124077,0.025521506,0.02925714,-0.039203968,-0.019442359,0.04463184,0.019043686,-0.0046122987,-0.04711781,-0.055552047,0.05600161,-0.012232834,-0.00016807689,-0.05874263,0.049936183,-0.004139212,0.0359222,0.07274188,0.025824308,-0.029772256,-0.010585936,0.022914637,-0.012137548,-0.06665708,-0.039708633,0.0069030304,-0.061586395,0.014684282,0.0024049594,0.009043292,0.04156101,-0.058087084,-0.0021293438,0.013376711,-0.051906995,0.07632126,-0.007854264,0.042053077,0.017671145,-0.06355175,-0.08262447,-0.02077355,0.08018922,-0.017001852,0.012646669,-0.023506701,-0.022387713,0.032669704,-0.077950776,0.02803416,-0.061710306,-0.039580915],"light_features":[0.1486875,1.0,0.18089809,5.5279746,3672.1313,0.01,0.08,0.13,1.0]}